"Keyword","Link","Tweet","Insecure","Reason","NumberCharacters","NumberCapitalChars","PercentCapitalChars","NumberExclamation"
"Join Us","https://t.co/2MFZ2DR3NY","b""please don't forget to join us, not long now!!! \n\n https://t.co/2MFZ2DR3NY""",FALSE,.,79,7,8.86075949367089,3
"Join Us","https://t.co/p8f1jFRxTt","b""Join us at @KMI_GWSB's #DistinguishedLectureSeries on March 27th at 7 pm EST. Featuring the CEO of @KoreanAir, Ms.\xe2\x80\xa6 https://t.co/p8f1jFRxTt""",FALSE,.,153,25,16.3398692810458,0
"Join Us","https://t.co/1bXQTBXj84","b'Join us TONIGHT@ 8 P.M. for Transformation Tuesday via Zoom \xf0\x9f\x98\x84 Join us for fun, games, prizes, and God\xe2\x80\x99s Holy Word!\xe2\x80\xa6 https://t.co/1bXQTBXj84'",FALSE,.,179,22,12.2905027932961,1
"Join Us","https://t.co/BhtASgm6HB","b'Are you looking to better understand how your business can grow through international trade?\n\nJoin Us At The Import\xe2\x80\xa6 https://t.co/BhtASgm6HB'",FALSE,.,156,11,7.05128205128205,0
"Join Us","https://t.co/2tcCEog0VS","b'Join us to honor @r_a_r_e_advoc8 and the Class of 2021 on March 30th at 6:30pm ET for our online celebration.  Lear\xe2\x80\xa6 https://t.co/2tcCEog0VS'",TRUE,"Phishing Scam",154,10,6.49350649350649,0
"Join Us","https://t.co/ZoosyHzNry","b'Join us to learn about brain training research with developmental psychologist, Dr. Jerri Edwards. Her research whi\xe2\x80\xa6 https://t.co/ZoosyHzNry'",FALSE,.,154,8,5.19480519480519,0
"Join Us","https://t.co/JNiuz1YeCf","b'Join us on Monday night for another Pediatric Family Support zoom meeting. We will be addressing some current rumor\xe2\x80\xa6 https://t.co/JNiuz1YeCf'",TRUE,"Potential Threat",154,10,6.49350649350649,0
"Join Us","https://t.co/WloTgQLnke","b'Church conference is today at 3:00 p.m.!\n\nPlan to join us for a brief church conference meeting via Zoom TODAY, Sun\xe2\x80\xa6 https://t.co/WloTgQLnke'",TRUE,"Potential Threat",156,13,8.33333333333333,1
"Join Us","https://t.co/D5HamJQxuO","b'Join us in a Zoom webinar hosted by @IFSW Africa - SOCIAL WORK AND PUBLIC HEALTH #GPHW - Tuesday 5 April 2022 13.30\xe2\x80\xa6 https://t.co/D5HamJQxuO'",TRUE,"Potential Threat",154,43,27.9220779220779,0
"Join Us","https://t.co/XaaWAwMvJ7","b'Join us on Monday 8am EDT for #Epilepsy GR with Dr. Wheless from @lebonheurchild. He will be talking about\xe2\x80\xa6 https://t.co/XaaWAwMvJ7'",TRUE,"Potential Threat",145,16,11.0344827586207,0
"Join Us","https://t.co/gSoiJDRkle","b'What writing skills you need in the professional world?\xc2\xa0This week, 3 grad alumni will share how their writing habit\xe2\x80\xa6 https://t.co/gSoiJDRkle'",TRUE,"Potential Threat",161,6,3.72670807453416,0
"Join Us","https://t.co/5e8YsaIAJG","b'Library Futures coalition partner the Boston Public Library was established by law in 1848 (more of their history:\xe2\x80\xa6 https://t.co/5e8YsaIAJG'",FALSE,.,153,10,6.5359477124183,0
"Join Us","https://t.co/GmJdT3QYdI","b""On Tues Mar 29th, I'm celebrating the Canadian release of my novel, #TheCircusTrain! I'll be in conversation with\xe2\x80\xa6 https://t.co/GmJdT3QYdI""",FALSE,.,152,15,9.86842105263158,1
"Join Us","https://t.co/iR3GwMr0V7","b'Participants in #MarchtotheFuture are living their commitment to supporting teachers of color by adding their voice\xe2\x80\xa6 https://t.co/iR3GwMr0V7'",FALSE,.,154,7,4.54545454545455,0
"Join Us","https://t.co/8SXQN6Zjmd","b'At their upcoming shareholder meetings, Wall Street banks &amp; Insurance companies have a big decision to make: Will t\xe2\x80\xa6 https://t.co/8SXQN6Zjmd'",FALSE,.,158,10,6.32911392405063,0
"Join Us","https://t.co/oyOX8BqN7A","b'How can you support families with clubfoot bracing? What is the evidence around effective bracing? \nHow do clubfoot\xe2\x80\xa6 https://t.co/oyOX8BqN7A'",FALSE,.,155,8,5.16129032258065,0
"Join Us","https://t.co/OdI8edgO8f","b'Our first DevSec For Startups virtual meetup is happening this Tuesday! We really hope you can join us for some gre\xe2\x80\xa6 https://t.co/OdI8edgO8f'",FALSE,.,154,10,6.49350649350649,1
"Join Us","https://t.co/GJvYmiOmIz","b'Hello Asia Pacific people, join us for the 1sr webinar of APYGN ( Asia Pacific young greens network ) in this year.\xe2\x80\xa6 https://t.co/GJvYmiOmIz'",FALSE,.,154,15,9.74025974025974,0
"Join Us","https://t.co/7P8UJwrJMb","b'@MariahCarey Join us here \nhttps://t.co/ZxtTkcHSnT https://t.co/7P8UJwrJMb'",TRUE,"Potential Threat",78,13,16.6666666666667,0
"Join Us","https://t.co/FGBZFbFtb7","b'If you are just starting your #66DaysOfData or #100DaysOfCode journey, please join us on April 19 as we cover all p\xe2\x80\xa6 https://t.co/FGBZFbFtb7'",FALSE,.,154,14,9.09090909090909,0
"Join Us","https://t.co/Fn3b9VD7TY","b""We cant wait for this Tuesday's Black Muslim Revolutions lecture by @DrSuad and Dr. Rasul Miller \n\nHave you RSVP'd\xe2\x80\xa6 https://t.co/Fn3b9VD7TY""",FALSE,.,155,20,12.9032258064516,0
"Join Us","https://t.co/m2eX0Zeapn","b'Join us tonight for a Virtual Voting Happy Hour. Enjoy music, your favorite beverage, and vote for Wilberforce from\xe2\x80\xa6 https://t.co/m2eX0Zeapn'",TRUE,"Potential Threat",154,9,5.84415584415584,0
"Join Us","https://t.co/hFYuoMBtNx","b'Join us on zoom tomorrow evening for a presentation on intimate partner violence created by @ItsOnUs in collaborati\xe2\x80\xa6 https://t.co/hFYuoMBtNx'",TRUE,"Potential Threat",154,9,5.84415584415584,0
"Join Us","https://t.co/9AWXRB11Zz","b'\xf0\x9f\x93\xa3  AZDHS is hosting a town hall on March 29 @ 6:30pm! #SaveTheDate\n\nJoin us to ask questions + learn more about COV\xe2\x80\xa6 https://t.co/9AWXRB11Zz'",FALSE,.,171,19,11.1111111111111,1
"Join Us","https://t.co/q9lVcjtsaW","b'THIS WEEK! Join us for a session with Holocaust survivor George Elbaum who will share his story of escaping the War\xe2\x80\xa6 https://t.co/q9lVcjtsaW'",FALSE,.,154,15,9.74025974025974,1
"Join Us","https://t.co/LFDEVdQ61F","b""Can't attend in person?\nJoin us online at 5:30pm\nhttps://t.co/LFDEVdQ61F""",TRUE,"Potential Threat",77,9,11.6883116883117,0
"Join Us","https://t.co/s4KtVh8OtK","b""Please join us TODAY. I'm honored to be reading with a great roster of authors. \nRegister for the Free Reading on S\xe2\x80\xa6 https://t.co/s4KtVh8OtK""",FALSE,.,155,15,9.67741935483871,0
"Join Us","https://t.co/SJhKZpsWcr","b'Tenant Resource Fair \xf0\x9f\x96\xa5\xef\xb8\x8f\xf0\x9f\x8f\xa1 THIS THURSDAY 3/31 at 6pm!\n\nJoin us on Zoom or on the phone:\nhttps://t.co/sy23azT7pq\nMeeti\xe2\x80\xa6 https://t.co/SJhKZpsWcr'",TRUE,"Potential Threat",199,24,12.0603015075377,1
"Join Us","https://t.co/MXmWD832BJ","b""Join us May 5th for a live interview with country music's most successful producer, Scott Hendricks! Hear about how\xe2\x80\xa6 https://t.co/MXmWD832BJ""",FALSE,.,154,11,7.14285714285714,1
"Join Us","https://t.co/XGudjVpPrT","b'On #WorldHealthDay join us and friends from @oneyourbkc &amp; #OneYouWestminster for a virtual webinar \n\nDiscussions wi\xe2\x80\xa6 https://t.co/XGudjVpPrT'",TRUE,"Potential Threat",160,13,8.125,0
"Join Us","https://t.co/LWMGrPPxrw","b""Join us 4/5 at 8:30 a.m. for Coffee &amp; Conversations with BBB! In April, we will discuss the release of BBB's Scam T\xe2\x80\xa6 https://t.co/LWMGrPPxrw""",TRUE,"Phishing Scam",158,19,12.0253164556962,1
"Join Us","https://t.co/tTnixuZ1e9","b'Join us this Tuesday for a webinar with Andreas Schleicher of the OECD and Harold Hislop, Chief Inspector. How can\xe2\x80\xa6 https://t.co/tTnixuZ1e9'",FALSE,.,153,15,9.80392156862745,0
"Join Us","https://t.co/IDOGhBMWIl",.,FALSE,.,.,.,.,.
"Join Us","https://t.co/7YJLbupB9N","b'samhsagov: \xf0\x9f\x93\x85 MARK YOUR CALENDARS: Join us for a virtual 2-day webinar series to provide information about service,\xe2\x80\xa6 https://t.co/7YJLbupB9N'",TRUE,"Phishing Scam",168,23,13.6904761904762,0
"Join Us","https://t.co/XK7Rif9oD8","b'Join us to learn on what next steps to take to make this spring semester effective and efficient as your campus pre\xe2\x80\xa6 https://t.co/XK7Rif9oD8'",TRUE,"Phishing Scam",154,5,3.24675324675325,0
"Join Us","https://t.co/7X1OdDBheT","b'Join us for an evening of hope as we listen to the movement of the Spirit in our hearts &amp; community On 3/28 we gath\xe2\x80\xa6 https://t.co/7X1OdDBheT'",FALSE,.,158,8,5.06329113924051,0
"Join Us","https://t.co/dtocAVaq1K","b'BELOVED GOES TO THE OSCARS \xe2\x80\xa2 Click to join at 10 AM PT this morning: https://t.co/V741DfgPNE\nJoin us virtually for\xe2\x80\xa6 https://t.co/dtocAVaq1K'",TRUE,"Potential Threat",165,36,21.8181818181818,0
"Join Us","https://t.co/PAPGYOXGRU","b'Join Us for the Daughters of Destiny Prayer Fellowship next Sunday\nhttps://t.co/tFJyfGq7Jn https://t.co/PAPGYOXGRU'",TRUE,"Potential Threat",118,21,17.7966101694915,0
"Join Us","https://t.co/qOPMK2jRsQ","b'Hawkins Street School would like to invite you to join and see our artists participate in the Teen Arts Annual \xe2\x80\x9cOur\xe2\x80\xa6 https://t.co/qOPMK2jRsQ'",TRUE,"Potential Threat",165,13,7.87878787878788,0
"Join Us","https://t.co/n3pqJinldR","b'Inviting you to join a conversation between Francis Fukuyama and @amichaimagen about how liberalism shaped the mode\xe2\x80\xa6 https://t.co/n3pqJinldR'",TRUE,"Potential Threat",154,5,3.24675324675325,0
"Join Us","https://t.co/GefpTQhzfD","b'Join us on Facebook : \xf0\x9f\x91\x89https://t.co/EPzWdLtIpc\n\nZoom : \xf0\x9f\x91\x89 https://t.co/GefpTQhzfD'",TRUE,"Potential Threat",115,12,10.4347826086957,0
"Join Us","https://t.co/HOXNgCbTGw","b'Good evening, Church Family.\n\nWe invite you to join us for a Physical Revival Service that\xe2\x80\x99s starting in a few minu\xe2\x80\xa6 https://t.co/HOXNgCbTGw'",TRUE,"Potential Threat",167,14,8.38323353293413,0
"Join Us","https://t.co/g8eig46W8t","b'samhsagov: \xf0\x9f\x93\x85 MARK YOUR CALENDARS: Join us for a virtual 2-day webinar series to provide information about service,\xe2\x80\xa6 https://t.co/g8eig46W8t'",TRUE,"Phishing Scam",168,19,11.3095238095238,0
"Join Us","https://t.co/CFX7NGKfWV","b'#TeamSOSAZ is out in full force across the state, collecting signatures to qualify pro-public education candidates\xe2\x80\xa6 https://t.co/CFX7NGKfWV'",TRUE,"Phishing Scam",153,14,9.15032679738562,0
"Join Us","https://t.co/8RjwX5cMI1","b'VIP CONFAB ON DIGITAL ASSET:\nShowing you how to buy from the  Floor to the Moon.\n\nJoin us and find out how to turn\xe2\x80\xa6 https://t.co/8RjwX5cMI1'",TRUE,"Potential Threat",156,31,19.8717948717949,0
"Join Us","https://t.co/ZgObBMmJCW","b'Have you signed up yet for our special book club with author Libby Carty McNamee?  She\xe2\x80\x99ll join us to discuss \xe2\x80\x9cSusan\xe2\x80\xa6 https://t.co/ZgObBMmJCW'",TRUE,"Potential Threat",176,14,7.95454545454545,0
"Join Us","https://t.co/bnhfaW4e9B","b'It is Time!\n\n The Dawn KoD series( Know our Deen).\n\nJoin us now! 4:30 via Zoom as Bro. Yesir Isiaka discuss on *""in\xe2\x80\xa6 https://t.co/bnhfaW4e9B'",TRUE,"Potential Threat",158,15,9.49367088607595,2
"Join Us","https://t.co/t0Gkr56JST","b'Join us -\nFor church \n\nAnchored \xe2\x9a\x93\xef\xb8\x8f In Hope - is inviting you to a scheduled Zoom meeting.\nSunday gathering \nTime:\xe2\x80\xa6 https://t.co/t0Gkr56JST'",TRUE,"Potential Threat",179,12,6.70391061452514,0
"Join Us","https://t.co/n8jRjdOBRs","b""It's time\n\nJoin us on Zoom via\n\nhttps://t.co/uhuN4x7eEk https://t.co/n8jRjdOBRs""",TRUE,"Potential Threat",86,9,10.4651162790698,0
"Join Us","https://t.co/jSvjpP8rtR","b'Join us May 3rd at 8pm EST to hear from LGBTQ+ athletes and clinicians share their experiences!\xe2\x80\xa6 https://t.co/jSvjpP8rtR'",FALSE,.,134,13,9.70149253731343,1
"Join Us","https://t.co/khkXkXxvIe","b'\xf0\x9f\x93\x85 MARK YOUR CALENDARS: Join us for a virtual 2-day webinar series to provide information about service, loan repaym\xe2\x80\xa6 https://t.co/khkXkXxvIe'",TRUE,"Phishing Scam",169,21,12.4260355029586,0
"Join Us","https://t.co/l0agGtTabU","b'Join us today by 6PM WATfor an engaging talk with Opeyemi Idowu (Financial Coach and Mentor), Possibilities of Fina\xe2\x80\xa6 https://t.co/l0agGtTabU'",TRUE,"Potential Threat",154,16,10.3896103896104,0
"Join Us","https://t.co/dAzbLRhI4N","b""Whether you're thinking about COVID, the war in Ukraine, Florida\xe2\x80\x99s \xe2\x80\x9cStop WOKE Act\xe2\x80\x9d and \xe2\x80\x9cDon\xe2\x80\x99t Say Gay\xe2\x80\x9d Bill, or you\xe2\x80\xa6 https://t.co/dAzbLRhI4N""",TRUE,"Phishing Scam",220,23,10.4545454545455,0
"Join Us","https://t.co/Fi3AszRYMe","b'Hey all! Wondering what careers are available in Aviation. Join us on Tuesday, March 29th at 7:30pm for our careers\xe2\x80\xa6 https://t.co/Fi3AszRYMe'",TRUE,"Potential Threat",154,11,7.14285714285714,1
"Join Us","https://t.co/8iBjgLSBhz","b""Women in office: Join us on Tuesday for a FREE virtual call with @NRFnews! We'll discuss how to support small busin\xe2\x80\xa6 https://t.co/8iBjgLSBhz""",TRUE,"Phishing Scam",154,15,9.74025974025974,1
"Join Us","https://t.co/L1ELU7y5cy","b'Need to talk? Our amazing school leader, Dr. Townsend, will host Coffee and Conversation on the first Friday of the\xe2\x80\xa6 https://t.co/L1ELU7y5cy'",TRUE,"Potential Threat",154,11,7.14285714285714,0
"Join Us","https://t.co/GD4atnBtR9","b'Join us on April 6 at 11 am ET for a webinar on removing liability barriers to Good Samaritan efforts to clean up a\xe2\x80\xa6 https://t.co/GD4atnBtR9'",FALSE,.,154,10,6.49350649350649,0
"Join Us","https://t.co/kKk2aDcYRL","b'Last call for Nature Nights! \nJoin us this Wednesday and learn from Dr. Matt Shinderman, @OSUcascades about America\xe2\x80\xa6 https://t.co/kKk2aDcYRL'",TRUE,"Phishing Scam",155,17,10.9677419354839,1
"Join Us","https://t.co/u55YQXWUwm","b'Join us  on zoom on Thurs April 14 as we bring together experts and dive deep into issues that impact aging LGBTQ p\xe2\x80\xa6 https://t.co/u55YQXWUwm'",TRUE,"Phishing Scam",154,13,8.44155844155844,0
"Join Us","https://t.co/br9NJF1dgA","b'Join us  on zoom on Thurs April 14 as we bring together experts and dive deep into issues that impact aging LGBTQ p\xe2\x80\xa6 https://t.co/br9NJF1dgA'",TRUE,"Phishing Scam",154,12,7.79220779220779,0
"Join Us","https://t.co/HtyCNibA1L","b""Join us this Thursday, March 31st at noon EST for a free garden chat on 'Immigrant Gardens and Their Impact on The\xe2\x80\xa6 https://t.co/HtyCNibA1L""",FALSE,.,153,16,10.4575163398693,0
"Join Us","https://t.co/iswIbijimP","b'Join us today in-person or via Zoom at 10:15 AM MST. #ShadowRockUCC\n\nZoom Link: https://t.co/gQycqtBRRX https://t.co/iswIbijimP'",TRUE,"Potential Threat",132,21,15.9090909090909,0
"Join Us","https://t.co/1PSrVPRBBCf","b'Looking forward to ""Serving Others"" at Resilient #entrepreneurs . Why not join us for this fun, interactive\xe2\x80\xa6 https://t.co/1PSrVPRBBC'",FALSE,.,146,13,8.9041095890411,0
"Join Us","https://t.co/30lSxpZKBp","b'3,130 STUDENTS FROM TUR MOGHALU FISHFORLIFE BOOTCAMP GRADUATE! Join us today @4pm as over 3,100 1st batch of studen\xe2\x80\xa6 https://t.co/30lSxpZKBp'",FALSE,.,154,54,35.0649350649351,1
"Join Us","https://t.co/g6DFvwWQi4","b'3,130 STUDENTS FROM TUR MOGHALU FISHFORLIFE BOOTCAMP GRADUATE! Join us today @4pm Lagos as over 3,100 first batch o\xe2\x80\xa6 https://t.co/g6DFvwWQi4'",FALSE,.,154,55,35.7142857142857,1
"Join Us","https://t.co/3Fn98dUWM8","b'Dear #women #ladies #youngadultwomen Join us for an empowering and educational session on Zoom details provided bel\xe2\x80\xa6 https://t.co/3Fn98dUWM8'",TRUE,"Potential Threat",154,7,4.54545454545455,0
"Join Us","https://t.co/tBPjYMf9Tl","b'Join us for this important conversation Tuesday night at 7pm with @ccsdpd @cceanv @marieneisess @TamekaHenryNV\xe2\x80\xa6 https://t.co/tBPjYMf9Tl'",FALSE,.,149,11,7.38255033557047,0
"Join Us","https://t.co/WZDZOxcG8R","b'Mark your calendars! Join us on your lunch break this Wednesday for the next installment in the Bioculture Webinar\xe2\x80\xa6 https://t.co/WZDZOxcG8R'",FALSE,.,153,12,7.84313725490196,1
"Join Us","https://t.co/zzJ7bSwAjq","b'Please join us for the upcoming Ludics Seminar, Mahindra Humanities Center, Harvard University, featuring\nROBERT M.\xe2\x80\xa6 https://t.co/zzJ7bSwAjq'",TRUE,"Potential Threat",155,18,11.6129032258065,0
"Join Us","https://t.co/rATW2Sxsmt","b'Join us today @4pm Lagos as over 3,100 first batch of students from the monthly \xe2\x80\x98Moghalu Fish For Life Empowerment\xe2\x80\xa6 https://t.co/rATW2Sxsmt'",TRUE,"Potential Threat",164,11,6.70731707317073,0
"Join Us","https://t.co/2q32v7swTr","b'Join us at 3:00pm today  for a scheduled Zoom meeting under the topic: \n""Leadership is a cause; Everything  else is\xe2\x80\xa6 https://t.co/2q32v7swTr'",TRUE,"Potential Threat",155,5,3.2258064516129,0
"Join Us","https://t.co/cQA06OwtWU","b'Join us on  Sunday mornings at 10:00 a.m. for our community gathering for experiential practices and discussion. Re\xe2\x80\xa6 https://t.co/cQA06OwtWU'",FALSE,.,154,8,5.19480519480519,0
"Join Us","https://t.co/KYepEg7dLc","b'Join us on Tuesday, April 12th at 7:30 PM EST for a Massachusetts ADCES Roundtable"".\n\nJoin Zoom Meeting\xe2\x80\xa6 https://t.co/KYepEg7dLc'",TRUE,"Potential Threat",144,22,15.2777777777778,0
"Join Us","https://t.co/9VZLNiUULr","b'Join us at 5 pm later this afternoon (Sunday) where we are doing a sneak preview of the app being used for the Dist\xe2\x80\xa6 https://t.co/9VZLNiUULr'",FALSE,.,154,10,6.49350649350649,0
"Join Us","https://t.co/s9sFBX6c2V","b""Yes, it's Spring and every Sunday, we have our community gathering at 10:00 a.m. Join us.\nRegister here:\xe2\x80\xa6 https://t.co/s9sFBX6c2V""",FALSE,.,144,9,6.25,0
"Join Us","https://t.co/c4ZLN7RH8E","b'SAVE THE DATE!!! \n\nJoin us as we give you some nuggets on how to start your plan to homeownership!!! \n\n#NJHomegirls\xe2\x80\xa6 https://t.co/c4ZLN7RH8E'",TRUE,"Phishing Scam",158,21,13.2911392405063,6
"Join Us","https://t.co/xUH8ZduYsB","b'SAVE THE DATE!!! \n\nJoin us as we give you some nuggets on how to start your plan to homeownership!!! \n\n#NJHomegirls\xe2\x80\xa6 https://t.co/xUH8ZduYsB'",TRUE,"Phishing Scam",158,20,12.6582278481013,6
"Join Us","https://t.co/k09avp3LGE","b'Less than 2 hours to the first edition of The Dawn KoD series( Know our Deen).\n\nJoin us by 4:30 pm on Zoom as Bro.\xe2\x80\xa6 https://t.co/k09avp3LGE'",TRUE,"Potential Threat",155,13,8.38709677419355,0
"Join Us","https://t.co/DkrbwLom31","b""Join us via Zoom for a virtual Open House for the Lay Formation Programs of Saint John's Seminary.\nDuring this Open\xe2\x80\xa6 https://t.co/DkrbwLom31""",TRUE,"Phishing Scam",155,14,9.03225806451613,0
"Join Us","https://t.co/H6yqFsulad","b'Youth around the world : Join us on March 30 at 6 pm EDT to help support #refugees and #ForciblyDisplacedYouth to a\xe2\x80\xa6 https://t.co/H6yqFsulad'",FALSE,.,154,11,7.14285714285714,0
"Join Us","https://t.co/Zeo10NJ9wz","b'Join us for worship this morning at 10:00. Pastor Brenda is preaching on \xe2\x80\x9cThe Problem Is Bigger Than You.\xe2\x80\x9d\n\nYou can\xe2\x80\xa6 https://t.co/Zeo10NJ9wz'",FALSE,.,178,13,7.30337078651685,0
"Join Us","https://t.co/SJUdf30k36","b'Looking forward to Mobility &amp; Economic Development Panel on 3/31! The in person event is SOLD OUT but you can still\xe2\x80\xa6 https://t.co/SJUdf30k36'",FALSE,.,158,16,10.126582278481,1
"Join Us","https://t.co/JWjTgLfi7Y","b'Join us for *Ekadasi Special Japa Tomorrow, Monday 28th March !!!* , _from 6am to 8am._ \n\nZOOM ID:\xe2\x80\xa6 https://t.co/JWjTgLfi7Y'",TRUE,"Potential Threat",139,18,12.9496402877698,3
"Join Us","https://t.co/fk7Jp6ZSpq","b'Tonight at 7pm! Join us in learning about the experiences of LGBTQ+ refugees: https://t.co/6LL3Smdjj0 https://t.co/fk7Jp6ZSpq'",FALSE,.,128,13,10.15625,1
"Join Us","https://t.co/OgWZHYir2t","b'How is our food grown, how can we reverse the decimation of nature, and who owns our land? Join us to talk CLIMATE\xe2\x80\xa6 https://t.co/OgWZHYir2t'",FALSE,.,153,14,9.15032679738562,0
"Join Us","https://t.co/fIre2szGCI","b'African higher education has recorded few women in managerial/ leadership positions, how do we #breakthebias? Join\xe2\x80\xa6 https://t.co/fIre2szGCI'",FALSE,.,153,6,3.92156862745098,0
"Join Us","https://t.co/JPHxUZZnAv","b'We are hosting our latest Zoom #prayer meeting tomorrow at 8pm. Join us as we continue to pray for #peace in\xe2\x80\xa6 https://t.co/JPHxUZZnAv'",FALSE,.,147,10,6.80272108843537,0
"Join Us","https://t.co/TNKg5jZWbR","b'Join us this Friday (4/1) from 3-4 pm ET for our next GSS Webinar featuring Andrew Anderson of @kstateagecon and\xe2\x80\xa6 https://t.co/TNKg5jZWbR'",FALSE,.,151,16,10.5960264900662,0
"Join Us","https://t.co/AHQZVxPM19","b'Join us March 20th from 10AM-11:30 Am for the free online seminar: The Changing Landscape of Sports Wagering to lea\xe2\x80\xa6 https://t.co/AHQZVxPM19'",FALSE,.,154,17,11.038961038961,0
"Join Us","https://t.co/D0vdfXegeU","b""Let's discuss and learn from each other about professional development. Join us this Tuesday! See you!\n\nRegister he\xe2\x80\xa6 https://t.co/D0vdfXegeU""",FALSE,.,156,8,5.12820512820513,2
"Join Us","https://t.co/1D0n67SVbR","b""Join us this evening for March's Edition of our WordUp Service. We'll explore the word of God in a relaxed, convers\xe2\x80\xa6 https://t.co/1D0n67SVbR""",TRUE,"Potential Threat",154,12,7.79220779220779,0
"Join Us","https://t.co/HxZ5YbeGbz","b""Please join us TODAY. I'm honored to be reading with a great roster of authors. \nRegister for the Free Reading on S\xe2\x80\xa6 https://t.co/HxZ5YbeGbz""",FALSE,.,155,15,9.67741935483871,0
"Join Us","https://t.co/6LaM8F2BxH","b'Please join us now.\n\nZoom link: https://t.co/9W8EQ47LAw\nPassword: 605135\n#SangamTalks #AncientIndianWisdom #Science https://t.co/6LaM8F2BxH'",TRUE,"Potential Threat",146,19,13.013698630137,0
"Join Us","https://t.co/X3Y1dI8biS","b'Join us on Mar 28 for a virtual discussion on @EFE_Global  report on COVID-19 and Youth Employment in Jordan and Pa\xe2\x80\xa6 https://t.co/X3Y1dI8biS'",FALSE,.,154,19,12.3376623376623,0
"Join Us","https://t.co/vrcAIcZ3IT","b'Join us on April 4th at 4 PM (EST) in our series of free webinars for Canadian environmental nonprofits. \nOur guest\xe2\x80\xa6 https://t.co/vrcAIcZ3IT'",TRUE,"Phishing Scam",155,14,9.03225806451613,0
"Join Us","https://t.co/LVbPW06ltL","b'Join us THIS EVENING &amp; Every Monday on ZOOM - Topic: MONDAY BIBLE STUDY - Date; EVERY MONDAY - Time: 7pm \xe2\x80\x93 9pm UK T\xe2\x80\xa6 https://t.co/LVbPW06ltL'",TRUE,"Potential Threat",169,56,33.1360946745562,0
"Join Us","https://t.co/moIb7cGfjI","b'Join us THIS EVENING &amp; Every Monday on ZOOM - Topic: MONDAY BIBLE STUDY - Date; EVERY MONDAY - Time: 7pm \xe2\x80\x93 9pm UK T\xe2\x80\xa6 https://t.co/moIb7cGfjI'",TRUE,"Potential Threat",169,54,31.9526627218935,0
"Join Us","https://t.co/2MFZ2DR3NY","b""please don't forget to join us. \njust anxious you get your chance and invitation\n\n https://t.co/2MFZ2DR3NY""",FALSE,.,112,7,6.25,0
"Join Us","https://t.co/wHAmYE9qDN","b'Beam Community Call!\n\n\xf0\x9f\x97\x93\xef\xb8\x8f 28th of March\n\xf0\x9f\x95\x92 3 PM UTC\n\xf0\x9f\x93\x8dhttps://t.co/0eI81TSboH\n\nJoin us as we discuss the latest update\xe2\x80\xa6 https://t.co/wHAmYE9qDN'",TRUE,"Potential Threat",216,20,9.25925925925926,1
"Join Us","https://t.co/hzMGDekdkJ","b'Come &amp; Receive! Join us THIS SUNDAY, March 27 @ 1:30 p.m. for our weekly Virtual Sunday Worship Celebration! Ft.\xe2\x80\xa6 https://t.co/hzMGDekdkJ'",FALSE,.,155,23,14.8387096774194,2
"Join Us","https://t.co/V4YJJ1FTOj","b'Dear fellow students ,\non monday the AStA-Meeting will take place online from 4:30 p.m. via Zoom.\nFeel free to join\xe2\x80\xa6 https://t.co/V4YJJ1FTOj'",TRUE,"Potential Threat",156,14,8.97435897435897,0
"Join Us","https://t.co/w5KyHljqHI","b'The SP Serves Publishing Virtual Book Expo is today at 5 PM EST. FIRST TIME EVER BOOK EXPO! HISTORY IN THE MAKING!\xe2\x80\xa6 https://t.co/w5KyHljqHI'",FALSE,.,153,56,36.6013071895425,2
"Join Us","https://t.co/p8Kt3QHi75","b'Join us for the 2022 Virtual Hour of Power with Music, today at 4:00 PM, as we uplift the name of the Lord.\xc2\xa0The The\xe2\x80\xa6 https://t.co/p8Kt3QHi75'",FALSE,.,161,13,8.07453416149068,0
"Join Us","https://t.co/9dPUYTtgfw","b'Join us tomorrow in ""Challenges that Face Microfinance Institutions"" workshop, which is a part of #ICCIA\'s workshop\xe2\x80\xa6 https://t.co/9dPUYTtgfw'",FALSE,.,155,14,9.03225806451613,0
"Join Us","https://t.co/wE0y97bVxz","b'WEDNESDAY | March 30, 2022 - 12:00 - 1:00 PM (UAE)\n\nJoin us for a conversation with Mr. @alyabousabaa, @CGIAR Regio\xe2\x80\xa6 https://t.co/wE0y97bVxz'",FALSE,.,156,25,16.025641025641,0
"Join Us","https://t.co/cVDmXo4Aqb","b'Join us for Sunday Service onsite &amp; online at 10AM ET as we continue with \xe2\x80\x9cWhere art thou in your marriage\xe2\x80\x9d. \n\nThe\xe2\x80\xa6 https://t.co/cVDmXo4Aqb'",TRUE,"Potential Threat",181,13,7.18232044198895,0
"Join Us","https://t.co/1LbuBaJq8M","b'#StopWW3 ""We [Ahmadis] are the people who desire peace in the world."" - Caliph of Messiah\n\nPlease join us today at\xe2\x80\xa6 https://t.co/1LbuBaJq8M'",TRUE,"Potential Threat",155,12,7.74193548387097,0
"Join Us","https://t.co/ZqZ5YGgKhD","b'Will the new Political Parties Amendment Act 2022 assure a free, fair, and peaceful nomination process for all? \n\nJ\xe2\x80\xa6 https://t.co/ZqZ5YGgKhD'",FALSE,.,156,12,7.69230769230769,0
"Join Us","https://t.co/1suy9VTvvy","b'Join us on Wednesday (30/03) at 12pm for our last Hub Chat of March.\nCome along and meet fellow #amputees from all\xe2\x80\xa6 https://t.co/1suy9VTvvy'",FALSE,.,154,8,5.19480519480519,0
"Join Us","https://t.co/uvhYrWj4eB","b'We would like to invite you to join us next Tuesday at 10 am Cairo time. \n\nCertificates of Attendance are provided.\xe2\x80\xa6 https://t.co/uvhYrWj4eB'",FALSE,.,156,8,5.12820512820513,0
"Join Us","https://t.co/1cHnMs9Sbi","b'Simplify your small business marketing strategy!\n\nJoin us, @LloydsBankBiz &amp; experts Garry and James from\xe2\x80\xa6 https://t.co/1cHnMs9Sbi'",FALSE,.,149,10,6.71140939597315,1
"Join Us","https://t.co/inepo0OVAp","b'\xf0\x9f\x93\x86 Join us at the online launch of The Oxford Handbook of the South African Economy on April 6th!\xe2\x80\xa6 https://t.co/inepo0OVAp'",FALSE,.,150,11,7.33333333333333,1
"Join Us","https://t.co/5plSjtg2Ga","b'Join us on \nZoom via this link\nhttps://t.co/K0amFqGB6z\nZoom ID: 85079682629 \n\nOr\xc2\xa0Telegram\nhttps://t.co/j9LLnLekS4\xe2\x80\xa6 https://t.co/5plSjtg2Ga'",TRUE,"Potential Threat",165,17,10.3030303030303,0
"Join Us","https://t.co/NUVvrHxsaB","b'Join us at the 18th online Civo meetup focussed on networking, security &amp; observability with @ciliumproject this We\xe2\x80\xa6 https://t.co/NUVvrHxsaB'",FALSE,.,158,8,5.06329113924051,0
"Join Us","https://t.co/ptBypl7KHz","b'#NTCE2021 today is the final day of the NTCE Expo, opportunities for learners to showcase different career choices\xe2\x80\xa6 https://t.co/ptBypl7KHz'",TRUE,"Potential Threat",153,12,7.84313725490196,0
"Join Us","https://t.co/lDUkcNhmwr","b'Join us for our April #CafeSciGlasgow event, 7pm BST on Mon Apr 4th, as Dr Tristram Wyatt discusses ""From power pos\xe2\x80\xa6 https://t.co/lDUkcNhmwr'",TRUE,"Potential Threat",154,17,11.038961038961,0
"Join Us","https://t.co/K3Vr6tzgdf","b'Join us tomorrow for a panel w/experts from the humanitarian sector and academia on Syrian refugee women\xe2\x80\x99s economic\xe2\x80\xa6 https://t.co/K3Vr6tzgdf'",FALSE,.,165,4,2.42424242424242,0
"Join Us","https://t.co/kctilR0WGS","b""Thanks to @SPRiGSussex for inviting us to offer an 'update' at this month's seminar. Please join us at 16.00 on the\xe2\x80\xa6 https://t.co/kctilR0WGS""",TRUE,"Potential Threat",154,11,7.14285714285714,0
"Join Us","https://t.co/c4uH3Da9pM","b'Join us for our special breakout session on Wed April 6, 2022 for the 2022 Legislative Day special session on priva\xe2\x80\xa6 https://t.co/c4uH3Da9pM'",FALSE,.,154,8,5.19480519480519,0
"Join Us","https://t.co/GtDulEWouA","b'\xf0\x9f\x93\xbbhttps://t.co/ne3rHlH76w (2 minute audio \xf0\x9f\x97\xa3)\n\n\xe2\x98\x9d\xf0\x9f\x8f\xbeLast week Louis risked his liberty to ask @10DowningStreet to protec\xe2\x80\xa6 https://t.co/GtDulEWouA'",FALSE,.,212,11,5.18867924528302,0
"Update","https://t.co/QO5pqeKVta","b'Our Black Alliance employee resource group is hosting a web panel of tech leaders in education who will discuss the\xe2\x80\xa6 https://t.co/QO5pqeKVta'",FALSE,.,154,7,4.54545454545455,0
"Update","https://t.co/v4bTrVDLG1","b'Coming up next week: our Annual Update conference kicks off on April 4 at 12:15pm PT with a discussion on LGBTQ+ mi\xe2\x80\xa6 https://t.co/v4bTrVDLG1'",FALSE,.,154,16,10.3896103896104,0
"Update","https://t.co/WhyP6PSYse","b'TONIGHT!\nJoin CCH for a mid-legislative session ""coffee chat"" on March 29th from 5:00-6:00pm via Zoom to receive an\xe2\x80\xa6 https://t.co/WhyP6PSYse'",FALSE,.,155,18,11.6129032258065,1
"Update","https://t.co/ogvCrC3N1p","b'OMAFRA is hosting a webinar for Small Flock producers TOMORROW, Mar. 30th at 6:30pm. The event will include an upda\xe2\x80\xa6 https://t.co/ogvCrC3N1p'",FALSE,.,154,21,13.6363636363636,0
"Update","https://t.co/Djq4uYWEZP","b""In less than ONE HOUR, join us for @MakoMiningCorp's  Investor Update! @AkibaLeisman, CEO of $mko.v, will be provid\xe2\x80\xa6 https://t.co/Djq4uYWEZP""",FALSE,.,154,24,15.5844155844156,1
"Update","https://t.co/TZGqrKaZ26","b'Please join us tomorrow (3/30) at 5:30 PM ET for our next Clinical Update Webinar: ""WAKIX\xc2\xae (pitolisant): Clinical T\xe2\x80\xa6 https://t.co/TZGqrKaZ26'",FALSE,.,161,20,12.4223602484472,0
"Update","https://t.co/9Y7WmWCf3y","b'.@DraganflyInc virtual-only shareholder update call is now scheduled for 3 p.m. PDT / 6 p.m. EDT on Thursday, March\xe2\x80\xa6 https://t.co/9Y7WmWCf3y'",FALSE,.,154,14,9.09090909090909,0
"Update","https://t.co/u7164mYG0g","b""Developmental screenings are vital for promoting #EarlyEd development. Don't miss the @Kidspartnership\xe2\x80\x99s #webinar o\xe2\x80\xa6 https://t.co/u7164mYG0g""",FALSE,.,165,7,4.24242424242424,0
"Update","https://t.co/nT2I5LVTG6","b'Check it out @UTSA! @Zoom is introducing avatars! Replace your appearance with a virtual animal that mirrors your h\xe2\x80\xa6 https://t.co/nT2I5LVTG6'",FALSE,.,154,13,8.44155844155844,2
"Update","https://t.co/ZRNNa5BG5K","b'Great update for Ecolomondo!  Final commissioning happening, expect operations in mid-April.  They have already pre\xe2\x80\xa6 https://t.co/ZRNNa5BG5K'",FALSE,.,154,12,7.79220779220779,1
"Update","https://t.co/deC2lt3f3J","b'Join us for the FREE Journal Club Webinar: Physiotherapy Mgmt. for COVID-19 in the Acute Hospital Setting and Beyon\xe2\x80\xa6 https://t.co/deC2lt3f3J'",FALSE,.,154,21,13.6363636363636,0
"Update","https://t.co/MQnCnhHmbd","b""Don't forget to join us #virtually this evening for Primary Care Update on Parathyroid Disease with @DevaBoone at 6\xe2\x80\xa6 https://t.co/MQnCnhHmbd""",FALSE,.,154,12,7.79220779220779,0
"Update","https://t.co/7v8ynh91Wi","b'#Healthtech again, but this time with a few opportunities for the startups or idea owner in the Romanian ecosystem\xe2\x80\xa6 https://t.co/7v8ynh91Wi'",FALSE,.,153,3,1.96078431372549,0
"Update","https://t.co/5gjUYlBNIE","b'We hope you can join us today at noon for our campaign update! We will be joined by @ElenaWeissmann of @votesolar w\xe2\x80\xa6 https://t.co/5gjUYlBNIE'",FALSE,.,154,10,6.49350649350649,1
"Update","https://t.co/WqxnhPfpcS","b""Tomorrow, March 30th at 6 pm (London time) I'll address the GIA (Gemological Institute of America) Alumni London Ch\xe2\x80\xa6 https://t.co/WqxnhPfpcS""",FALSE,.,154,16,10.3896103896104,0
"Update","https://t.co/fN3BLNGLS4","b'\xf0\x9f\x93\xa2VentureFest Bitesize - STILL TIME TO REGISTER\xf0\x9f\x93\xa2  \n\xf0\x9f\x93\x86THURSDAY-14.30-15:30  \n\xf0\x9f\x94\x97 https://t.co/N6oQABPmHV  \n\nJoin\xe2\x80\xa6 https://t.co/fN3BLNGLS4'",FALSE,.,210,45,21.4285714285714,0
"Update","https://t.co/KY4nv1Qg5o","b'We\'re delighted to invite you to the ISN-ISPD joint webinar ""2022 update on @ISPD1 guidelines for peritonitis preve\xe2\x80\xa6 https://t.co/KY4nv1Qg5o'",FALSE,.,155,15,9.67741935483871,0
"Update","https://t.co/2bfI6qWMuK","b'DIT and the British Embassy in Chile are working with ImplementaSur to better understand how Chile is looking to re\xe2\x80\xa6 https://t.co/2bfI6qWMuK'",FALSE,.,154,13,8.44155844155844,0
"Update","https://t.co/1TVs0vbvEF","b'Friends and neighbors! Please join us THIS evening at 7pm on Zoom for a Spring update on the McGuinness Boulevard c\xe2\x80\xa6 https://t.co/1TVs0vbvEF'",FALSE,.,154,15,9.74025974025974,1
"Update","https://t.co/hoZ9sKg23C","b'Free: Share your DEI challenges and get exclusive insights from  @karenbrownRC and peers on the upcoming ""How to of\xe2\x80\xa6 https://t.co/hoZ9sKg23C'",FALSE,.,154,11,7.14285714285714,0
"Update","https://t.co/F7ARDEc13r","b'Join @vitaccess for a FREE #Webinar on the recent update by @NICEComms to its methods/processes for health technolo\xe2\x80\xa6 https://t.co/F7ARDEc13r'",FALSE,.,154,16,10.3896103896104,0
"Update","https://t.co/TVhRdpCbdX","b'Join our Wealth &amp; Trust Webinar today, at Noon entitled Conflict, Inflation and the Pandemic. FD Wealth &amp; Trust inv\xe2\x80\xa6 https://t.co/TVhRdpCbdX'",FALSE,.,162,17,10.4938271604938,0
"Update","https://t.co/lrcDthW5H7","b'Join us on for our webinar on April 1, with the leading attorneys involved in the human trafficking litigation pend\xe2\x80\xa6 https://t.co/lrcDthW5H7'",FALSE,.,154,5,3.24675324675325,0
"Update","https://t.co/9UcRiQSwTd","b'REMINDER | OHBA and @bildgta are hosting a webinar this Friday, April 1st for an important update on the new home c\xe2\x80\xa6 https://t.co/9UcRiQSwTd'",FALSE,.,154,19,12.3376623376623,0
"Update","https://t.co/59a93dBvUn","b'Our partner Foundation for Environmental Stewardship - FES is hosting three virtual expert panels today, tomorrow a\xe2\x80\xa6 https://t.co/59a93dBvUn'",FALSE,.,154,9,5.84415584415584,0
"Update","https://t.co/kFEy7PkxVn","b'Stay up to date with the latest cyber campaigns at our Virtual Cyber Threat Intelligence Briefing: Update for the F\xe2\x80\xa6 https://t.co/kFEy7PkxVn'",FALSE,.,154,12,7.79220779220779,0
"Update","https://t.co/5Kjv2JJB1i","b'Ontario Commercial Poultry HPAI update tonight Tues, Mar 29th at 6:30pm hosted by @PoultryIndCou.  Will be an joint\xe2\x80\xa6 https://t.co/5Kjv2JJB1i'",TRUE,"Potential Threat",154,17,11.038961038961,0
"Update","https://t.co/FGrWkynzEi","b'\xf0\x9f\x93\xa2VentureFest Bitesize\xf0\x9f\x93\xa2 \n\xf0\x9f\x93\x8cOnline \n\xf0\x9f\x93\x8631 March- 14.30-15.30\n\xf0\x9f\x94\x97 https://t.co/knnCO3agxH \n\xf0\x9f\x91\x8b @SuperNetworkNE\n\nWondering wha\xe2\x80\xa6 https://t.co/FGrWkynzEi'",FALSE,.,250,17,6.8,0
"Update","https://t.co/jCd1gruVIA","b'One of the CMMC challenges is building the assessor ecosystem but there are signs that progress is being made. Two\xe2\x80\xa6 https://t.co/jCd1gruVIA'",FALSE,.,153,10,6.5359477124183,0
"Update","https://t.co/zgL10PfZ0o","b'This is going to be a great conversation on the #VirtualLunch today, Tuesday, March 29, 2022, at noon ET. I hope yo\xe2\x80\xa6 https://t.co/zgL10PfZ0o'",FALSE,.,154,11,7.14285714285714,0
"Update","https://t.co/eqB9zTrgJL","b'Every day this week I am running a 30-minute session on how to use and get the best out of the network feel free to\xe2\x80\xa6 https://t.co/eqB9zTrgJL'",TRUE,"Potential Threat",154,6,3.8961038961039,0
"Update","https://t.co/TJo78hcDQ2","b'TONIGHT! Cancer Centre Virtual Town Hall. Please join us for an update on physical design plans for the new hospita\xe2\x80\xa6 https://t.co/TJo78hcDQ2'",FALSE,.,154,17,11.038961038961,1
"Update","https://t.co/W5tFKJyHC5","b'Tomorrow \xf0\x9f\x93\x85 #IRTSNetwork webinar ""Sustainable funding for migrants\' sporting activities"" organised with @MonaLiiku\xe2\x80\xa6 https://t.co/W5tFKJyHC5'",FALSE,.,168,15,8.92857142857143,0
"Update","https://t.co/YLdAojXYzA","b'Are you tasked with Leading or Participating in an Improvement Effort in your Organisation?\n\nWhy not join our weekl\xe2\x80\xa6 https://t.co/YLdAojXYzA'",FALSE,.,156,13,8.33333333333333,0
"Update","https://t.co/R8vzKjI6DY","b'EVENT UPDATE! Join P4H Network,\n@TheCollectivity, @blsqhub,\xf0\x9d\x97\xa3\xf0\x9d\x97\x95\xf0\x9d\x97\x99 \xf0\x9d\x97\x96\xf0\x9d\x97\xbc\xf0\x9d\x97\xa3 as we host a webinar on Strategic Verification f\xe2\x80\xa6 https://t.co/R8vzKjI6DY'",FALSE,.,245,24,9.79591836734694,1
"Update","https://t.co/rnAHxYdl0L","b'\xf0\x9f\x93\xa2VentureFest Bitesize\xf0\x9f\x93\xa2 \n\xf0\x9f\x93\x8cOnline \n\xf0\x9f\x93\x8631 March- 14.30-15.30 \n\xf0\x9f\x94\x97 https://t.co/I2RcdKalnF \n\xf0\x9f\x91\x8b @SuperNetworkNE\n\nWondering wh\xe2\x80\xa6 https://t.co/rnAHxYdl0L'",FALSE,.,250,18,7.2,0
"Update","https://t.co/kcXfvnzP0C","b'Zoom Meeting Details\nLink: https://t.co/5UI60apvS3...   \nMeeting ID: 818 9701 7892\nPasscode: SCGJ\nFor Update on Upc\xe2\x80\xa6 https://t.co/kcXfvnzP0C'",TRUE,"Potential Threat",158,21,13.2911392405063,0
"Update","https://t.co/Va0PrR54aq","b'IEP LiveLearnLunch Webinars\n\nWebinar #103 - Chris Blackwell, Purpose Led Performance\n\nTopic:   Purpose in Practice\xe2\x80\xa6 https://t.co/Va0PrR54aq'",FALSE,.,157,19,12.1019108280255,0
"Update","https://t.co/yxjIOGJVvk","b'#Feminist action for #climate justice?\nJoin us today at 12:30 CET for the @WTIunibe- Webinar on #Gender and Climate\xe2\x80\xa6 https://t.co/yxjIOGJVvk'",TRUE,"Potential Threat",155,16,10.3225806451613,0
"Update","https://t.co/ROr8iotKL9","b'Joint ISPD-ISN Webinar: ""2022 update on ISPD #guidelines for #peritonitis prevention and treatment"".\n\xf0\x9f\x97\xa3\xe2\x80\xa6 https://t.co/ROr8iotKL9'",FALSE,.,157,17,10.828025477707,0
"Update","https://t.co/AMyZBHbsdv","b'Dear Doctor,\nGreeting\n We cordially invite you to attend Tomorrow\xe2\x80\x99s webinar meeting on ""Update on Prostate Cancer \xe2\x80\x9c\xe2\x80\xa6 https://t.co/AMyZBHbsdv'",FALSE,.,178,13,7.30337078651685,0
"Update","https://t.co/SLOYKbYZDg","b'Join our upcoming webinar on navigating the reporting landscape (13 April) for an update on the latest\xe2\x80\xa6 https://t.co/SLOYKbYZDg'",FALSE,.,141,10,7.09219858156028,0
"Update","https://t.co/IoAD7tnb4X","b'Today at 12:30 CET, the Secretariat of the International Gender Champions (IGC) together with @WTIunibe @unibern ho\xe2\x80\xa6 https://t.co/IoAD7tnb4X'",TRUE,"Potential Threat",154,18,11.6883116883117,0
"Update","https://t.co/BARn55PRTO","b'Watch/listen via zoom -\xc2\xa0https://t.co/xLcSuE1tsd\nOr FB live -\xc2\xa0https://t.co/msAIoxqGqJ https://t.co/BARn55PRTO'",FALSE,.,126,18,14.2857142857143,0
"Update","https://t.co/WbRlNfojsY","b'$AAZ.V $AZURF Join us on March 30th @ 4pmET for a live corporate update. We will discuss exploration progress at ou\xe2\x80\xa6 https://t.co/WbRlNfojsY'",TRUE,"Potential Threat",154,18,11.6883116883117,0
"Update","https://t.co/jl3ouQbZGT","b'.@sbcitygov is hosting a virtual public workshop for the General Plan update now from 6-8 pm:\xe2\x80\xa6 https://t.co/jl3ouQbZGT'",TRUE,"Potential Threat",132,6,4.54545454545455,0
"Update","https://t.co/Ceb9nVZeJo","b'Is there such thing as \xe2\x80\x9cPower of the Pack?\xe2\x80\x9d\n\nI recently read an article in Forbes by writer Shelley Zalis. In her p\xe2\x80\xa6 https://t.co/Ceb9nVZeJo'",FALSE,.,178,12,6.74157303370786,0
"Update","https://t.co/RHmkvvyFZp","b'This webinar uncovers what business leaders around the world say are the essential long-term strategies for technol\xe2\x80\xa6 https://t.co/RHmkvvyFZp'",FALSE,.,154,5,3.24675324675325,0
"Update","https://t.co/IteLwTiXRC","b""We're starting in less than 1 hour. Love to see you there!\nhttps://t.co/FGM6MALgy2 https://t.co/IteLwTiXRC""",TRUE,"Potential Threat",110,14,12.7272727272727,1
"Update","https://t.co/EvUl0LJkc0","b'Join us on March 29, 2022 for an update on the markets and economy. Hear from Thrivent Chief Investment Officer Dav\xe2\x80\xa6 https://t.co/EvUl0LJkc0'",FALSE,.,154,12,7.79220779220779,0
"Update","https://t.co/F7A31GQpRT","b'Join us on March 29, 2022 for an update on the markets and economy. Hear from Thrivent Chief Investment Officer Dav\xe2\x80\xa6 https://t.co/F7A31GQpRT'",FALSE,.,154,14,9.09090909090909,0
"Update","https://t.co/uFE5yf3fD9","b'A&amp;NHPI Legislative Day Debrief: APIC will be hosting a Legislative Session Community Debrief on April 6 at 4 pm! We\xe2\x80\xa6 https://t.co/uFE5yf3fD9'",FALSE,.,158,21,13.2911392405063,1
"Update","https://t.co/YO6akAHJZi","b'Still room for you at our Economic Update with Thrivent Chief Investment Officer David Royal. Join us Tues., March\xe2\x80\xa6 https://t.co/YO6akAHJZi'",FALSE,.,153,18,11.7647058823529,0
"Update","https://t.co/x3tyQHx1X9","b'Join Dr. Lawrence Yun and Guest Experts\n\nThere\xe2\x80\x99s still time to register for the NAR Real Estate Forecast Summit: Co\xe2\x80\xa6 https://t.co/x3tyQHx1X9'",FALSE,.,167,18,10.7784431137725,0
"Update","https://t.co/DlZruv7Hd1","b'Join us on March 29, 2022 for an update on the markets and economy. Hear from Thrivent Chief Investment Officer Dav\xe2\x80\xa6 https://t.co/DlZruv7Hd1'",FALSE,.,154,11,7.14285714285714,0
"Update","https://t.co/2MbG6IvS3M","b'Join us on March 29, 2022 for an update on the markets and economy. Hear from Thrivent Chief Investment Officer Dav\xe2\x80\xa6 https://t.co/2MbG6IvS3M'",FALSE,.,154,13,8.44155844155844,0
"Update","https://t.co/vi9VdqiGfO","b""Don't forget to register for our report card release #webinar on April 5th! \n\nCheck out the today's latest ClimateP\xe2\x80\xa6 https://t.co/vi9VdqiGfO""",TRUE,"Potential Threat",156,8,5.12820512820513,1
"Update","https://t.co/9fkvfUnYPl","b'This Wednesday 6PM CT! Join us alongside our community partners across Chicago to attend our virtual community upda\xe2\x80\xa6 https://t.co/9fkvfUnYPl'",FALSE,.,154,11,7.14285714285714,1
"Update","https://t.co/hKEmEN3H1X","b'Join us on March 29, 2022 for an update on the markets and economy. Hear from Thrivent Chief Investment Officer Dav\xe2\x80\xa6 https://t.co/hKEmEN3H1X'",FALSE,.,154,14,9.09090909090909,0
"Update","https://t.co/RfnEmWxR34","b'Join us on March 29, 2022 for an update on the markets and economy. Hear from Thrivent Chief Investment Officer Dav\xe2\x80\xa6 https://t.co/RfnEmWxR34'",FALSE,.,154,12,7.79220779220779,0
"Update","https://t.co/yy7nb2kPNt","b'Join us on March 29, 2022 for an update on the markets and economy. Hear from Thrivent Chief Investment Officer Dav\xe2\x80\xa6 https://t.co/yy7nb2kPNt'",FALSE,.,154,10,6.49350649350649,0
"Update","https://t.co/uVHfRUSovX","b'Take advantage of this FREE innovation in healthcare webinar on Weds 29th March at 1pm BST. This will be jointly de\xe2\x80\xa6 https://t.co/uVHfRUSovX'",FALSE,.,154,17,11.038961038961,0
"Update","https://t.co/2RucR4R921","b'Want to hear about BPL\xe2\x80\x99s expansion? Attend the city council meeting for the latest update. \nTuesday, March 29 at 6:\xe2\x80\xa6 https://t.co/2RucR4R921'",FALSE,.,166,10,6.02409638554217,0
"Update","https://t.co/SbO1ruXZ19","b'Join us this THURSDAY the 31st @ 11:30 for a special ECE update. We will be focusing on:\n*federal early care &amp; educ\xe2\x80\xa6 https://t.co/SbO1ruXZ19'",FALSE,.,159,17,10.6918238993711,0
"Update","https://t.co/PUoghZLyDj","b'Join a special Zoom broadcast on Saturday April 2 @ 12:00PM (EST) for an update on the latest information about our\xe2\x80\xa6 https://t.co/PUoghZLyDj'",TRUE,"Potential Threat",154,14,9.09090909090909,0
"Update","https://t.co/FIUdJDc0FM","b'Join the @AtlantaBeltLine SW + SE Working Group for their Southside Trail Update tonight at 6:30pm! \n\nZoom link:\xe2\x80\xa6 https://t.co/FIUdJDc0FM'",FALSE,.,153,21,13.7254901960784,1
"Update","https://t.co/i0QYXtc6sf","b'Join us on March 29, 2022 for an update on the markets and economy. Hear from Thrivent Chief Investment Officer Dav\xe2\x80\xa6 https://t.co/i0QYXtc6sf'",FALSE,.,154,11,7.14285714285714,0
"Update","https://t.co/GIwZ00fGcP","b""There's still time to register for our @DeltaThink Annual APC Pricing Update webinar on Wednesday, March 30 at 10 a\xe2\x80\xa6 https://t.co/GIwZ00fGcP""",FALSE,.,154,16,10.3896103896104,0
"Update","https://t.co/pBrvZ4LYLe","b'Learn about automating healthcare. Join us in a webinar with SimplifyNext, as we uncover key #intelligentautomation\xe2\x80\xa6 https://t.co/pBrvZ4LYLe'",FALSE,.,154,9,5.84415584415584,0
"Update","https://t.co/sXBU32hGHf","b""Happy Monday! Autumn, the dog is running as fast as she can to get registered for tomorrow's webinar, Remote Seller\xe2\x80\xa6 https://t.co/sXBU32hGHf""",FALSE,.,154,10,6.49350649350649,1
"Update","https://t.co/jn2cg8NVXu","b'Join Dr.@JParsonsLeigh where she will give an update on Team 2\xe2\x80\x99s project, Creating a Culture of Sepsis Awareness Th\xe2\x80\xa6 https://t.co/jn2cg8NVXu'",FALSE,.,165,14,8.48484848484848,0
"Update","https://t.co/ICY8aivg3l","b'Afternoon Stratters! For those wanting to join the live BF vid, I will record tomorrow during my morning Daily Plan\xe2\x80\xa6 https://t.co/ICY8aivg3l'",TRUE,"Potential Threat",154,11,7.14285714285714,1
"Update","https://t.co/8cXWXpj8CT","b'Calling all PA child care advocates!\nJoin us for a special ECE update focusing on:\n*federal early care &amp; education\xe2\x80\xa6 https://t.co/8cXWXpj8CT'",FALSE,.,159,12,7.54716981132075,1
"Update","https://t.co/MqK7i2OSoO","b'Join us tomorrow for an Investor Update! Akiba Leisman, CEO of Mako Mining, teams up with @adelaide_cap to provide\xe2\x80\xa6 https://t.co/MqK7i2OSoO'",FALSE,.,153,15,9.80392156862745,1
"Update","https://t.co/RrzHo7nDMy","b'We are one week away from our next Good Morning SMC program - Redwood City Update with Mayor Giselle Hale and Vice\xe2\x80\xa6 https://t.co/RrzHo7nDMy'",TRUE,"Phishing Scam",153,17,11.1111111111111,0
"Update","https://t.co/ghXVbHZL56","b'Join us Thur, 3/31 for the wkly Healey #ALS #PlatformTrial update.  Hosts &amp; Trial Leads, @MeritCudkowicz &amp;\xe2\x80\xa6 https://t.co/ghXVbHZL56'",FALSE,.,153,18,11.7647058823529,0
"Update","https://t.co/1hBPIg40sk","b'Join us on April 13th,2022 at 7 pm via zoom.\n\nFree Webinar on Economic &amp; Investment Update\n\nZoom Meeting Informatio\xe2\x80\xa6 https://t.co/1hBPIg40sk'",TRUE,"Potential Threat",162,13,8.02469135802469,0
"Update","https://t.co/GlYoC1HSWb","b""Looking forward to joining this webinar and bringing a waste &amp; resource manager's perspective to the\xe2\x80\xa6 https://t.co/GlYoC1HSWb""",FALSE,.,143,7,4.89510489510489,0
"Update","https://t.co/mZqa4o1nt8","b'Excited to be discussing how family and work are more intertwined than ever before and how Cleo will support caregi\xe2\x80\xa6 https://t.co/mZqa4o1nt8'",FALSE,.,154,3,1.94805194805195,0
"Update","https://t.co/YK01YXHsEn","b'Please join Colin Campbell, Dotan Y. Melech (\xe2\x80\x9cDT\xe2\x80\x9d), and me on Thursday at 11a MST for the third, and final, instanc\xe2\x80\xa6 https://t.co/YK01YXHsEn'",FALSE,.,176,18,10.2272727272727,0
"Update","https://t.co/ZGkzPvCzFt","b'REMINDER: Join us tomorrow to learn how to update current emergency preparedness plans and practice exercises.\n\nDet\xe2\x80\xa6 https://t.co/ZGkzPvCzFt'",FALSE,.,156,15,9.61538461538461,0
"Update","https://t.co/z6gsTjxcCV","b""@AirResources is hosting a work group meeting for the FY22-23 long-term #HeavyDuty investment strategy. It'll inclu\xe2\x80\xa6 https://t.co/z6gsTjxcCV""",FALSE,.,154,10,6.49350649350649,0
"Update","https://t.co/9XIzWRNK6r","b'TWO DAYS AWAY! HACU will host its first quarterly Membership Update webinar for HACU-members. The session will prov\xe2\x80\xa6 https://t.co/9XIzWRNK6r'",FALSE,.,154,28,18.1818181818182,1
"Update","https://t.co/XCYskukHic","b'Interested in learning how to create or update or your financial plan? https://t.co/5V7CDavLFe  Join me on Wednesda\xe2\x80\xa6 https://t.co/XCYskukHic'",FALSE,.,154,12,7.79220779220779,0
"Update","https://t.co/pUHGHi6biR","b'\xf0\x9f\x9a\xa8 Remember! You can register to our upcoming webinar with @nigegarrett &amp; @ntandoy.\n\n\xf0\x9f\x92\xbb #COVID19 Vaccine Trial in Sub\xe2\x80\xa6 https://t.co/pUHGHi6biR'",FALSE,.,190,15,7.89473684210526,1
"Update","https://t.co/fRSMVN1rgD","b'3-28-22\nJoin the National Call on HoUSed: Universal, Stable, Affordable Housing every Monday at 2:30pmET. Join hous\xe2\x80\xa6 https://t.co/fRSMVN1rgD'",TRUE,"Phishing Scam",155,20,12.9032258064516,0
"Update","https://t.co/NHaWFQDtn8","b""Don't forget to join us for Primary Care Update on Parathyroid Disease tomorrow, 3/29, starting at 6pm.\n\nGreat\xe2\x80\xa6 https://t.co/NHaWFQDtn8""",FALSE,.,151,13,8.60927152317881,0
"Update","https://t.co/azi3ZwTqfg","b'Join us on March 29, 2022 for an update on the markets and economy. Hear from Thrivent Chief Investment Officer Dav\xe2\x80\xa6 https://t.co/azi3ZwTqfg'",FALSE,.,154,10,6.49350649350649,0
"Update","https://t.co/lRkJZX4wqy","b'Join us at BCHIP on 3/29 (TOMORROW) for a #COVID19 community update and reflection. Several public health community\xe2\x80\xa6 https://t.co/lRkJZX4wqy'",TRUE,"Phishing Scam",154,24,15.5844155844156,0
"Update","https://t.co/xdUv32zb2k","b'Digital trust is key to accelerating the adoption of cross border digital trade among B2B2C, which is so key to the\xe2\x80\xa6 https://t.co/xdUv32zb2k'",TRUE,"Phishing Scam",154,5,3.24675324675325,0
"Update","https://t.co/dSQgoLQtIo","b'Join us this evening, March 28 for our upcoming monthly virtual meeting and networking session. We will start with\xe2\x80\xa6 https://t.co/dSQgoLQtIo'",TRUE,"Phishing Scam",153,8,5.22875816993464,0
"Update","https://t.co/TVxhen5Shd","b'The 9th in the discussion series on #hepatitis B &amp; C through @WHOSEARO partnership with @ProjectECHO is on 31 March\xe2\x80\xa6 https://t.co/TVxhen5Shd'",TRUE,"Phishing Scam",158,20,12.6582278481013,0
"Update","https://t.co/ihm6lsrNwb","b'UPDATE: This course will now be able to provide 1.0 CEU hours for athletic trainers in attendance!! @BOCATC \nRegist\xe2\x80\xa6 https://t.co/ihm6lsrNwb'",FALSE,.,155,18,11.6129032258065,2
"Update","https://t.co/BLzzkP8MRc","b'Tuesday March 29,  4 PM,  Group Supervision Demonstration, with  MAGIC BOX, Lily Seto, MA, CEC, PCC,ESIA \nFree Acce\xe2\x80\xa6 https://t.co/BLzzkP8MRc'",FALSE,.,155,36,23.2258064516129,0
"Update","https://t.co/qtmqHeK6sS","b'Webinar #104 - The good employability company\nDate: 6.04.22\nTopic: People Versus The Machine or Digging Deep Into E\xe2\x80\xa6 https://t.co/qtmqHeK6sS'",FALSE,.,156,15,9.61538461538461,0
"Update","https://t.co/PaVvHI1v7z","b'IEP LiveLearnLunch Webinars\n\nWebinar #103 - Chris Blackwell, Purpose Led Performance\nDate: 30.03.22 \nTopic:   Purpo\xe2\x80\xa6 https://t.co/PaVvHI1v7z'",FALSE,.,158,20,12.6582278481013,0
"Update","https://t.co/Ejeh459S9m","b'Join us on April 5th at 4:30pm via Zoom for our First Quarter Comprehensive Neighborhood Plan update.\xe2\x80\xa6 https://t.co/Ejeh459S9m'",TRUE,"Phishing Scam",140,10,7.14285714285714,0
"Update","https://t.co/MY730EDP4d","b'New #funding call opens TODAY! \n\nJoin us at 2pm (BST) to learn more about funding opportunities for research explor\xe2\x80\xa6 https://t.co/MY730EDP4d'",FALSE,.,156,15,9.61538461538461,1
"Update","https://t.co/k8T2JjCPdQ","b'At a time when the rise in oil prices creates unique opportunity for so many African countries to get their infrast\xe2\x80\xa6 https://t.co/k8T2JjCPdQ'",TRUE,"Potential Threat",154,7,4.54545454545455,0
"Update","https://t.co/e9Yz4eI5qd","b'@Zoom  any update on the new whiteboard feature? https://t.co/e9Yz4eI5qd'",FALSE,.,75,3,4,0
"Update","https://t.co/ABGU47SroR","b'Zoom link\n\nhttps://t.co/pNsaaca3NS\n\nMeeting ID: 651 5311 6254\nPassword: 475523 https://t.co/ABGU47SroR'",TRUE,"Potential Threat",110,14,12.7272727272727,0
"Update","https://t.co/AKRubX378q","b'@AymanMSNBC @MichaelSteele Update. Today\xe2\x80\x99s redistricting meeting started 2 HRS late after more Republican stall tac\xe2\x80\xa6 https://t.co/AKRubX378q'",FALSE,.,165,18,10.9090909090909,0
"Update","https://t.co/swInR7YFpc","b""Don't miss out! Learn the latest update on the ORGANO business with our Chairman, Mr. Paul Caldwell. Stay tuned eve\xe2\x80\xa6 https://t.co/swInR7YFpc""",FALSE,.,154,17,11.038961038961,1
"Update","https://t.co/jq39hck19l","b""Greetings!\n\nYou are invited to\xc2\xa0\nCBAC's monthly community update on the Reparations Conversation 101 hosted by Khale\xe2\x80\xa6 https://t.co/jq39hck19l""",FALSE,.,164,9,5.48780487804878,1
"Update","https://t.co/OdClLQgy6F","b'\xf0\x9f\x9a\xa8 UPDATE \n\nThe seminar date has changed. The talk ""Food for all: Agricultural transformation and international orga\xe2\x80\xa6 https://t.co/OdClLQgy6F'",FALSE,.,171,15,8.7719298245614,0
"Update","https://t.co/kctilR0WGS","b""Thanks to @SPRiGSussex for inviting us to offer an 'update' at this month's seminar. Please join us at 16.00 on the\xe2\x80\xa6 https://t.co/kctilR0WGS""",TRUE,"Potential Threat",154,11,7.14285714285714,0
"Update","https://t.co/HnqjW0aRGb","b'\xf0\x9f\x93\xa2VentureFest Bitesize\xf0\x9f\x93\xa2  \n\xf0\x9f\x93\x8cOnline \n\xf0\x9f\x93\x8631st March-14.30-15.30  \n\xf0\x9f\x94\x97 https://t.co/DijBieWA7h  \n\nWondering what support is\xe2\x80\xa6 https://t.co/HnqjW0aRGb'",TRUE,"Potential Threat",233,14,6.00858369098712,0
"Update","https://t.co/GGisLyunTT","b'Stephen M. R. Covey - Looking forward to your WEBINAR with SupplyChainBrain and Robert Bowman, Editor-in-Chief on F\xe2\x80\xa6 https://t.co/GGisLyunTT'",TRUE,"Potential Threat",154,25,16.2337662337662,0
"Update","https://t.co/oU9UBCymTX","b'Join us on March 29, 2022 for an update on the markets and economy. Hear from Thrivent Chief Investment Officer Dav\xe2\x80\xa6 https://t.co/oU9UBCymTX'",FALSE,.,154,14,9.09090909090909,0
"Update","https://t.co/P3mRo6NmDg","b'Join us on March 29, 2022 for an update on the markets and economy. Hear from Thrivent Chief Investment Officer Dav\xe2\x80\xa6 https://t.co/P3mRo6NmDg'",FALSE,.,154,12,7.79220779220779,0
"Update","https://t.co/aPSSsWasmA","b'Join us on Tues., March 29th at 11:30am CT for an update on the markets and economy. Hear from Thrivent Chief Inves\xe2\x80\xa6 https://t.co/aPSSsWasmA'",FALSE,.,154,14,9.09090909090909,0
"Update","https://t.co/KQFHlES1bZ","b'Future of Primary Assessment\nNational Zoom | 5pm |Tuesday 29 March\nOn this call the commission chairs will explore\xe2\x80\xa6 https://t.co/KQFHlES1bZ'",FALSE,.,155,15,9.67741935483871,0
"Update","https://t.co/cfJXClbcoy","b""Greetings!\n\nYou are invited to CBAC's monthly community update on the Reparations Conversation 101 hosted by Khalee\xe2\x80\xa6 https://t.co/cfJXClbcoy""",FALSE,.,156,12,7.69230769230769,1
"Update","https://t.co/gX6TGpU2FS","b'Forwarded from H.E. Madame Amb. Shanta Lana Hereford (https://t.co/8FN3mcg8E7):\nAre you registered for today\xe2\x80\x99s even\xe2\x80\xa6 https://t.co/gX6TGpU2FS'",TRUE,"Potential Threat",166,18,10.8433734939759,0
"Update","https://t.co/mefIpWg7K8","b'WEBINAR UPDATE- LINK TO ATTEND UPDATED!!\n\nPlease use this link below to Attend the webinar:\nhttps://t.co/obxHW8Trx9\xe2\x80\xa6 https://t.co/mefIpWg7K8'",TRUE,"Potential Threat",157,40,25.4777070063694,2
"Update","https://t.co/gdRy0ppsjc","b'3 hours to go until the TAF Community Update Call \xf0\x9f\x93\x9e \xf0\x9f\xa4\xa9 Loads of exciting developments will be announced so it\xe2\x80\x99s not\xe2\x80\xa6 https://t.co/gdRy0ppsjc'",FALSE,.,194,8,4.12371134020619,0
"Update","https://t.co/iDYYZfGqCE","b'Join us on Friday for our fully interactive HR workshop. This week the topic is Diversity and Inclusion - with a fo\xe2\x80\xa6 https://t.co/iDYYZfGqCE'",FALSE,.,154,14,9.09090909090909,0
"Update","https://t.co/zCbcpONK66","b'The Abundant Store is proud to invite you to an interactive and and engaging discussion on Skin Care Knowledge Seri\xe2\x80\xa6 https://t.co/zCbcpONK66'",TRUE,"Potential Threat",154,11,7.14285714285714,0
"Update","https://t.co/7a7noQEhNO","b'Our Annual Update conference on April 4-6 is just around the corner! Day 3 features a discussion of the campaigns a\xe2\x80\xa6 https://t.co/7a7noQEhNO'",FALSE,.,154,9,5.84415584415584,1
"Update","https://t.co/OwSU8rAZ3V","b'Please join this event if you are interested in supporting the rights of education for Afghan girls. \nDate: March 2\xe2\x80\xa6 https://t.co/OwSU8rAZ3V'",TRUE,"Potential Threat",155,10,6.45161290322581,0
"Download","https://t.co/hMydJTgluR","b'@HeldinEU Have you go the meeting details? Just go to zoom on whichever browser works and enter the ID and password\xe2\x80\xa6 https://t.co/hMydJTgluR'",FALSE,.,154,11,7.14285714285714,0
"Download","https://t.co/UFZexdOqZF","b'@curtiscrowbird @polyinnovator I\xe2\x80\x99ve tried multiple platforms over the years as a host &amp; as a guest- while riverside\xe2\x80\xa6 https://t.co/UFZexdOqZF'",FALSE,.,169,7,4.14201183431953,0
"Download","https://t.co/mkIUuMK8lT","b'You have until April 5 to sign up as a host to screen YOUTH V GOV as part of Faith Climate Action Week. Stream to y\xe2\x80\xa6 https://t.co/mkIUuMK8lT'",TRUE,"Phishing Scam",154,21,13.6363636363636,0
"Download","https://t.co/EOYJ9XJAjO","b'Download our newsletter Next lecture 4 April  Dr Fionnuala Walsh, Life can never be the same again\xe2\x80\x9d women\xe2\x80\x99s experie\xe2\x80\xa6 https://t.co/EOYJ9XJAjO'",FALSE,.,176,15,8.52272727272727,0
"Download","https://t.co/pIYDiLOInV","b'Tired of the same old filters and backgrounds for your virtual meetings? Liven things up with our 15 new FREE\xe2\x80\xa6 https://t.co/pIYDiLOInV'",TRUE,"Malicious Malware",148,13,8.78378378378378,0
"Download","https://t.co/NVMY1AcBLq","b'#EPSKeele22 is being held at Keele Hall, Keele University (number 12 on the map below) and online between 30th and\xe2\x80\xa6 https://t.co/NVMY1AcBLq'",FALSE,.,153,15,9.80392156862745,0
"Download","https://t.co/jx2H3SCDAN","b'QHIliins, designed by Carmelo Nazario for Reckoning https://t.co/SSTuOvggn8 my #scifi comicbook project. Download a\xe2\x80\xa6 https://t.co/jx2H3SCDAN'",TRUE,"Phishing Scam",154,17,11.038961038961,0
"Download","https://t.co/hkaxqySFxQ","b'But the energy y\xe2\x80\x99all use, download the picture, analyze it to see the scar, zoom, crop it and then repost. https://t.co/hkaxqySFxQ'",TRUE,"Malicious Malware",144,4,2.77777777777778,0
"Download","https://t.co/J9dyxENJUM","b'Would you like to get Free Bet9ja booking codes every hour on Zoom matches.\n\n100% sure 2 odds\xe2\x80\xa6 https://t.co/J9dyxENJUM'",TRUE,"Malicious Malware",134,10,7.46268656716418,0
"Download","https://t.co/U2RBcuho0D","b'Brutal Trooper design by Carmelo Nazario for Reckoning https://t.co/SSTuOvggn8 my scifi comicbook project with mode\xe2\x80\xa6 https://t.co/U2RBcuho0D'",TRUE,"Phishing Scam",154,13,8.44155844155844,0
"Download","https://t.co/C77H6nFUzC","b""Got that gut feeling?\n\n'Bottlebrush Ferments has a broad range of gut friendly products that are vegan, free from a\xe2\x80\xa6 https://t.co/C77H6nFUzC""",TRUE,"Malicious Malware",156,8,5.12820512820513,0
"Download","https://t.co/8GheaYwdfk","b'@_salt_doll this one is pretty easy, just get premiere pro, create some layers of texts, the text effects can be cr\xe2\x80\xa6 https://t.co/8GheaYwdfk'",FALSE,.,154,2,1.2987012987013,0
"Download","https://t.co/zV2i2eLmCn","b'Would you like to get Free Bet9ja booking codes every hour on Zoom matches.\n100% sure 2 odds\xe2\x80\xa6 https://t.co/zV2i2eLmCn'",TRUE,"Malicious Malware",132,7,5.3030303030303,0
"Download","https://t.co/b44YVE7qFl","b'Fresh off the press!\n\nThe latest issue of Business and Industry Today is here!\n\nFind out more on our website:\xe2\x80\xa6 https://t.co/b44YVE7qFl'",TRUE,"Malicious Malware",152,10,6.57894736842105,2
"Download","https://t.co/RS2FgRTErc","b'\xf0\x9f\x92\xbb National Public Hearing / Consultation: Policies, Standards and Guidelines for the Bachelor of Industrial Technol\xe2\x80\xa6 https://t.co/RS2FgRTErc'",FALSE,.,169,16,9.46745562130178,0
"Download","https://t.co/XVuBa00lYW","b'Here is my #Azure #Arc #mindmap with a list of interesting documents and videos. Download the SVG version (necessar\xe2\x80\xa6 https://t.co/XVuBa00lYW'",FALSE,.,154,12,7.79220779220779,0
"Download","https://t.co/PdKbi51t1u","b'The TDF Troop Pod designed by KrasherOx for Reckoning https://t.co/SSTuOvggn8 my #scifi comic book project with mod\xe2\x80\xa6 https://t.co/PdKbi51t1u'",FALSE,.,154,15,9.74025974025974,0
"Download","https://t.co/9CCCCmOYFF","b'Registration: https://t.co/fdORAB0U3E\n\n\xf0\x9f\x93\x84 Download full paper (open access): https://t.co/zu6cp1dCW7\n\n\xf0\x9f\x8c\x90 VISIT US:\xe2\x80\xa6 https://t.co/9CCCCmOYFF'",TRUE,"Malicious Malware",185,25,13.5135135135135,0
"Download","https://t.co/QWLNTh6SsH","b'\xf0\x9f\x93\xa2Happening Now\xf0\x9f\x93\xa2\n\nThe launch of ""\xf0\x9d\x90\x92\xf0\x9d\x90\xa8\xf0\x9d\x90\x9c\xf0\x9d\x90\xa2\xf0\x9d\x90\x9a\xf0\x9d\x90\xa5 \xf0\x9d\x90\x85\xf0\x9d\x90\xa8\xf0\x9d\x90\xa8\xf0\x9d\x90\xad\xf0\x9d\x90\xa9\xf0\x9d\x90\xab\xf0\x9d\x90\xa2\xf0\x9d\x90\xa7\xf0\x9d\x90\xad \xf0\x9d\x90\xa8\xf0\x9d\x90\x9f \xf0\x9d\x90\x8c\xf0\x9d\x90\xa8\xf0\x9d\x90\xa7\xf0\x9d\x90\x9e\xf0\x9d\x90\xad\xf0\x9d\x90\x9a\xf0\x9d\x90\xab\xf0\x9d\x90\xb2 \xf0\x9d\x90\xa9\xf0\x9d\x90\xa8\xf0\x9d\x90\xa5\xf0\x9d\x90\xa2\xf0\x9d\x90\x9c\xf0\x9d\x90\xb2 \xf0\x9d\x90\xa2\xf0\x9d\x90\xa7 \xf0\x9d\x90\x8f\xf0\x9d\x90\x9a\xf0\x9d\x90\xa4\xf0\x9d\x90\xa2\xf0\x9d\x90\xac\xf0\x9d\x90\xad\xf0\x9d\x90\x9a\xf0\x9d\x90\xa7"" report is happening now at Univers\xe2\x80\xa6 https://t.co/QWLNTh6SsH'",TRUE,"Malicious Malware",801,11,1.37328339575531,0
"Download","https://t.co/oYqTWdCh9Z","b'This session will be conducted online through Zoom meeting.\n\nDownload ZOOM App:\nAndroid: https://t.co/x3MQXslZaY\niO\xe2\x80\xa6 https://t.co/oYqTWdCh9Z'",TRUE,"Malicious Malware",158,20,12.6582278481013,0
"Download","https://t.co/tPwlVFk8NN","b'@Adnanofficial01 abay janwar this is pti download the picture zoom it janwar why do u like ur leaders? chor daku pa\xe2\x80\xa6 https://t.co/tPwlVFk8NN'",FALSE,.,154,6,3.8961038961039,0
"Download","https://t.co/Sb1TPB9bMZ","b'QHIliin designed by Carmelo Nazario for Reckoning https://t.co/SSTuOvggn8 my scifi comicbook project. Download and\xe2\x80\xa6 https://t.co/Sb1TPB9bMZ'",TRUE,"Phishing Scam",153,17,11.1111111111111,0
"Download","https://t.co/eFpj6uzzGu","b""@trish_regan mom to download any other apps on my phone I'd have to delete locals.\n\nAnd the only apps I have on her\xe2\x80\xa6 https://t.co/eFpj6uzzGu""",FALSE,.,156,5,3.20512820512821,0
"Download","https://t.co/sFDSkJNtin","b'#JasonSegel pitched the idea for this #film on #Zoom call with #CharlieMcDowell two months into #Covid #quarantine\xe2\x80\xa6 https://t.co/sFDSkJNtin'",TRUE,"Malicious Malware",153,12,7.84313725490196,0
"Download","https://t.co/ZMIEqc3NNp","b'[UCheck Bot] #Zoom Client new version available: 5.10.1. https://t.co/ZMIEqc3NNp'",TRUE,"Malicious Malware",83,11,13.2530120481928,0
"Download","https://t.co/OQ1jx0oS29","b'Graduate and Professional Studies Student Appreciation Week is next week! \xf0\x9f\x8e\x89\nDownload virtual backgrounds &amp; graphics\xe2\x80\xa6 https://t.co/OQ1jx0oS29'",FALSE,.,174,10,5.74712643678161,1
"Download","https://t.co/NFmuHt2N9U","b""had to delete spotify from my phone to download zoom for the class im TA'ing https://t.co/NFmuHt2N9U""",FALSE,.,103,7,6.79611650485437,0
"Download","https://t.co/T43kKmW8W4","b'Google Earth Pro 7.3.4.8573 Free Download https://t.co/d5ltQxnSH7\n\nGoogle Earth combines satellite imagery, maps, a\xe2\x80\xa6 https://t.co/T43kKmW8W4'",TRUE,"Malicious Malware",156,14,8.97435897435897,0
"Download","https://t.co/tUAAx9hsI6","b'The QHIliin Medical Cruiser designed by KrasherOx for Reckoning https://t.co/SSTuOvggn8 my scifi #comicbook project\xe2\x80\xa6 https://t.co/tUAAx9hsI6'",TRUE,"Phishing Scam",154,17,11.038961038961,0
"Download","https://t.co/iOwY4xSqvb","b'you have to download the statement. But gosh, lots of people attended via zoom:\nDon Waddell, Tom Dundon; and on beh\xe2\x80\xa6 https://t.co/iOwY4xSqvb'",TRUE,"Malicious Malware",155,8,5.16129032258065,0
"Download","https://t.co/f5AzjmnLoB","b""Don't forget to register for TOMORROW'S Virtual Office Hours, taking place at 1pm ET. We'll be providing live demon\xe2\x80\xa6 https://t.co/f5AzjmnLoB""",TRUE,"Phishing Scam",154,19,12.3376623376623,0
"Download","https://t.co/gztzXMbI9s","b'#Sequim City Council meeting tonight at 6:00 pm.  Work session at 5:00 pm.  This is a hybrid meeting.  You can atte\xe2\x80\xa6 https://t.co/gztzXMbI9s'",FALSE,.,154,9,5.84415584415584,0
"Download","https://t.co/eEaadbojXb","b'Steampunk Hyperloop design by KrasherOx for Reckoning https://t.co/SSTuOvggn8 my scifi comic book project with mode\xe2\x80\xa6 https://t.co/eEaadbojXb'",TRUE,"Phishing Scam",154,11,7.14285714285714,0
"Download","https://t.co/doAygqRU2c","b'\xf0\x9f\x93\xa9Download the agenda: https://t.co/pk2rBi2Zpm\n\xf0\x9f\x8e\xa6 Watch live: https://t.co/MvNXOpdfF5\n\xf0\x9f\x8f\x9b Join in person: https://t.co/doAygqRU2c'",FALSE,.,175,13,7.42857142857143,0
"Download","https://t.co/trSrx9jTQ4","b'KemetChat is a community engagement platform, with zoom, whattsap capabilities built in. \nAll data is encrypted and\xe2\x80\xa6 https://t.co/trSrx9jTQ4'",TRUE,"Malicious Malware",155,6,3.87096774193548,0
"Download","https://t.co/dXl8mif1cr","b'Listen and Download - Today\xe2\x80\x99s Zoom Audio is Online https://t.co/dXl8mif1cr'",TRUE,"Malicious Malware",88,7,7.95454545454545,0
"Download","https://t.co/xqA7mVlkKf","b""\xf0\x9f\x93\xa3You can still register for tomorrow's webinar 3/29 | 12pm ET\nDC School Behavioral health system: insights, lessons\xe2\x80\xa6 https://t.co/xqA7mVlkKf""",TRUE,"Malicious Malware",170,10,5.88235294117647,0
"Download","https://t.co/OgvuAgwtjx","b'Did you know that you can record computer audio directly into @DescriptApp? That means YouTube, Netflix, Zoom, anyt\xe2\x80\xa6 https://t.co/OgvuAgwtjx'",FALSE,.,154,10,6.49350649350649,0
"Download","https://t.co/4K540kYCSS","b'Zoom 5.10.1 (4420) \xe2\x80\x93 Client for Meetings Free\n#AndroidApps #InternetTools #iOSApps #LinuxSoftware #macOSXSoftware\xe2\x80\xa6 https://t.co/4K540kYCSS'",TRUE,"Malicious Malware",164,22,13.4146341463415,0
"Download","https://t.co/7uFrl8aB8t","b'Have you signed up for this post #Match2022 download  session yet? Hang with other newly matched M4s from our Medic\xe2\x80\xa6 https://t.co/7uFrl8aB8t'",FALSE,.,154,7,4.54545454545455,0
"Download","https://t.co/b5GWPsXPGw","b'WFA members can zoom further than non-members and download two free maps per month; further maps will cost just \xc2\xa34\xe2\x80\xa6 https://t.co/b5GWPsXPGw'",FALSE,.,160,9,5.625,0
"Download","https://t.co/0TJCcZBl3o","b'Download the highest resolution photo ever taken of the sun and zoom in for a closer look.   https://t.co/SFBETjFVEe https://t.co/0TJCcZBl3o'",TRUE,"Malicious Malware",143,14,9.79020979020979,0
"Download","https://t.co/vusyjSuuoq","b'Indulge in the sweet treats of nature! \xf0\x9f\x8d\x87\n.\nDownload the app &amp; Place your instant order now!\n\xe2\x96\xaa\xef\xb8\x8f Android App :\xe2\x80\xa6 https://t.co/vusyjSuuoq'",TRUE,"Potential Threat",191,6,3.1413612565445,2
"Download","https://t.co/Ozw8VasPQ4","b'Impact Air Systems continues to experience phenomenal growth and interest in its production trim and matrix removal\xe2\x80\xa6 https://t.co/Ozw8VasPQ4'",TRUE,"Malicious Malware",154,7,4.54545454545455,0
"Download","https://t.co/n48ZVJl1xG","b'Here is my #Azure #Arc #mindmap with a list of interesting documents and videos. Download the SVG version (necessar\xe2\x80\xa6 https://t.co/n48ZVJl1xG'",FALSE,.,154,11,7.14285714285714,0
"Download","https://t.co/WbE7JPFwf1","b""Clive's Wines \xf0\x9f\x8d\xb7\n\n'Clive\xe2\x80\x99s Wines Ltd has been producing fruit wines of distinction for 10 years, using locally grown\xe2\x80\xa6 https://t.co/WbE7JPFwf1""",TRUE,"Malicious Malware",182,10,5.49450549450549,0
"Download","https://t.co/dAH85sMiV3","b""Britain's best bread saw\n\n'The @JonoKnife is a handcrafted bread saw, which has been expertly crafted to incorporat\xe2\x80\xa6 https://t.co/dAH85sMiV3""",TRUE,"Malicious Malware",156,8,5.12820512820513,0
"Download","https://t.co/WfrTPcBYKa","b""Contract Soft Furnishings Specialists\n\n'WL Interiors maintains an impressive 20 years of experience in supplying hi\xe2\x80\xa6 https://t.co/WfrTPcBYKa""",TRUE,"Malicious Malware",156,13,8.33333333333333,0
"Download","https://t.co/DSmQLEYiGo","b'Amazing Troopers, designed by Carmelo Nazario for Reckoning https://t.co/SSTuOvggn8 a scifi #comicbook project wher\xe2\x80\xa6 https://t.co/DSmQLEYiGo'",TRUE,"Phishing Scam",154,16,10.3896103896104,0
"Download","https://t.co/lzcpgVuN2D","b""@CelovskyDanny I don't use Zoom, I use Jitsi.\nYou don't have to download some spyware ridden app onto your device t\xe2\x80\xa6 https://t.co/lzcpgVuN2D""",TRUE,"Malicious Malware",155,10,6.45161290322581,0
"Download","https://t.co/0tjuTVnC6q","b'@Mark_J_ODonnell @Larchwood20 @PaytonMarina True. I have a digital subscription. You can zoom the images. Front pag\xe2\x80\xa6 https://t.co/0tjuTVnC6q'",FALSE,.,154,14,9.09090909090909,0
"Download","https://t.co/eEzX6aVmrE","b'Registration: https://t.co/fdORAB0U3E\n\n\xf0\x9f\x93\x84 Download full paper (open access): https://t.co/zu6cp1dCW7\n\n\xf0\x9f\x8c\x90 VISIT US:\xe2\x80\xa6 https://t.co/eEzX6aVmrE'",TRUE,"Malicious Malware",185,21,11.3513513513514,0
"Download","https://t.co/n1kTyWqtDA","b'#NFTCommunity #NFTs \n1st i design it , transform it symmetrically , zoom in , capture the magic , filter its color\xe2\x80\xa6 https://t.co/n1kTyWqtDA'",FALSE,.,154,11,7.14285714285714,0
"Download","https://t.co/tXhIeGT3vB","b'@HelenORahilly @RevenueIE Do you have access to her myaccount ? If so you can download from there. DM me if you wan\xe2\x80\xa6 https://t.co/tXhIeGT3vB'",FALSE,.,154,15,9.74025974025974,0
"Download","https://t.co/y4UzJ7yiGC","b'Let me guess. Your Zoom background hasn\xe2\x80\x99t changed in MONTHS! Don\xe2\x80\x99t worry. We\xe2\x80\x99ve got a great selection to shake thin\xe2\x80\xa6 https://t.co/y4UzJ7yiGC'",FALSE,.,187,15,8.02139037433155,1
"Download","https://t.co/7lznxrTEk8","b'@natelynch Anyone else also notice that something happened with zoom meetings that made them all an hour long? I re\xe2\x80\xa6 https://t.co/7lznxrTEk8'",FALSE,.,154,4,2.5974025974026,0
"Download","https://t.co/w9ZAeFqGuz","b'[\xf0\x9f\x9a\xa8IMPORTANT\xf0\x9f\x9a\xa8]\n\n\xf0\x9f\x93\x8dTips for those attending R2 #QUEENDOM2\n\n1. Reply to the email\n\xef\xbf\xbc2. Download Zoom\n3. Be on time\n\xef\xbf\xbc4. U\xe2\x80\xa6 https://t.co/w9ZAeFqGuz'",TRUE,"Potential Threat",228,28,12.280701754386,0
"Download","https://t.co/ac72cDzBPG","b'@BarbieJeepMom1 I would suggest a download from trail to follow path i got caught on bad part and pinstriped the he\xe2\x80\xa6 https://t.co/ac72cDzBPG'",FALSE,.,154,8,5.19480519480519,0
"Download","https://t.co/TRumwV3uUM","b'Now Playing on 234Radio, Cheque (@superboycheque) Ft. Wale (@Wale) x Davido (@Davido) - Zoom (Remix).\n\nListen live\xe2\x80\xa6 https://t.co/TRumwV3uUM'",FALSE,.,155,17,10.9677419354839,0
"Download","https://t.co/i0XuFQqMr0","b'@baddxjoke @brilliantbusi @Barca__pictures Download the app called Cap Cut and then put the image in the editor the\xe2\x80\xa6 https://t.co/i0XuFQqMr0'",TRUE,"Phishing Scam",154,8,5.19480519480519,0
"Download","https://t.co/IhZSCzmxYh","b'Inspired QHIliin design by Carmelo Nazario for Reckoning https://t.co/SSTuOvggn8 my scifi #comicbook project. Downl\xe2\x80\xa6 https://t.co/IhZSCzmxYh'",TRUE,"Phishing Scam",154,17,11.038961038961,0
"Download","https://t.co/Vx1y53xYQm","b'Code Blue Troopers designed by Carmelo Nazario for Reckoning https://t.co/SSTuOvggn8 my scifi comicbook project. Do\xe2\x80\xa6 https://t.co/Vx1y53xYQm'",TRUE,"Phishing Scam",154,14,9.09090909090909,0
"Download","https://t.co/vTKl4wChLW","b'fyi if you are trying to download zoom videos, then use firefox! just open the link in the browser, click shift and\xe2\x80\xa6 https://t.co/vTKl4wChLW'",FALSE,.,154,5,3.24675324675325,1
"Download","https://t.co/msXbfc5MkJ","b'\xf0\x9f\x91\x91Tips for UJUNG who will attend QD2 2nd Round Online Show:\n\n1\xe2\x83\xa3\xef\xb8\x8f Reply the winning email\n2\xe2\x83\xa3\xef\xb8\x8f Download Zoom\n3\xe2\x83\xa3\xef\xb8\x8f Atten\xe2\x80\xa6 https://t.co/msXbfc5MkJ'",FALSE,.,239,18,7.53138075313807,0
"Download","https://t.co/8liWMFXE4x","b'The QHIliin, a design by Carmelo Nazario for Reckoning https://t.co/SSTuOvggn8 my #scifi comic book project. Models\xe2\x80\xa6 https://t.co/8liWMFXE4x'",TRUE,"Phishing Scam",154,17,11.038961038961,0
"Download","https://t.co/QDvrlJNAbd","b'@Zoom Can we talk about your web client? 1/ thanks for making it; 2/ some of us have to (or prefer to) use it inste\xe2\x80\xa6 https://t.co/QDvrlJNAbd'",FALSE,.,154,7,4.54545454545455,0
"Download","https://t.co/rI4DyYOtC5","b'(2) Go to https://t.co/2MhjZdzHGg to download Zoom on whatever device you use that has the best internet connection\xe2\x80\xa6 https://t.co/rI4DyYOtC5'",FALSE,.,154,11,7.14285714285714,0
"Download","https://t.co/0W1UuRDGw2","b'(2) Go to https://t.co/Wi9niUYvrM to download Zoom on whatever device you use that has the best internet connection\xe2\x80\xa6 https://t.co/0W1UuRDGw2'",FALSE,.,154,11,7.14285714285714,0
"Download","https://t.co/pGedealuMt","b'@mewmewmew13 I\xe2\x80\x99m quite happy with Olympus. Bluebird with the EM-1.3 + 300/4. Download and zoom in. https://t.co/pGedealuMt'",FALSE,.,136,8,5.88235294117647,0
"Download","https://t.co/lhRYMEbAo8","b'\xe2\x96\xb6\xef\xb8\x8f Mobi Download Free \xe3\x80\x88 ZOOM MEETNGS: A Novice to Expert Visual Tutorial for Online Meetings, Effective Video Confe\xe2\x80\xa6 https://t.co/lhRYMEbAo8'",FALSE,.,187,29,15.5080213903743,0
"Download","https://t.co/wiIxZzd3Xe","b'zoom of random ufo video-1247-let the truth be known  \ndownload better copy: https://t.co/bXybhICmyp\n#UFO\n#UFOs\xe2\x80\xa6 https://t.co/wiIxZzd3Xe'",TRUE,"Malicious Malware",153,12,7.84313725490196,0
"Download","https://t.co/LOSTeBQ4vY","b'The TDF Troop Pod designed by KrasherOx for Reckoning https://t.co/SSTuOvggn8 my scifi comicbook project. You can a\xe2\x80\xa6 https://t.co/LOSTeBQ4vY'",TRUE,"Phishing Scam",154,21,13.6363636363636,0
"Download","https://t.co/i0rQkv3yY5","b'Download zoom Vikky said....right before the whole thing was hacked...she came she SARS she conquered what a Oswego\xe2\x80\xa6 https://t.co/i0rQkv3yY5'",FALSE,.,154,9,5.84415584415584,0
"Download","https://t.co/yCMXUXH3d6","b'Troop Transporter of TMIC as designed by KrasherOx for Reckoning https://t.co/SSTuOvggn8 my scifi #comicbook projec\xe2\x80\xa6 https://t.co/yCMXUXH3d6'",TRUE,"Phishing Scam",154,19,12.3376623376623,0
"Download","https://t.co/GvvrkriKc6","b""@TOzgokmen thanks for reminding me to research this\nI'm going to post a picture you might have to download it or zo\xe2\x80\xa6 https://t.co/GvvrkriKc6""",FALSE,.,155,5,3.2258064516129,0
"Download","https://t.co/F1pJ56xrq6","b'Now Playing on 234Radio, Cheque (@superboycheque) - Zoom.\n\nListen live on https://t.co/xo6W0s15UQ\n\nDownload 234Radi\xe2\x80\xa6 https://t.co/F1pJ56xrq6'",FALSE,.,158,13,8.22784810126582,0
"Download","https://t.co/qEFqtkkuls","b'@cryptotails @CaptainBagpipes @JudiciaIreview @ethingfrankly @thogge I find zoom to be the easiest if only using it\xe2\x80\xa6 https://t.co/qEFqtkkuls'",FALSE,.,154,7,4.54545454545455,0
"Download","https://t.co/m2NIeztsbK","b'You know #NDHW22 is coming when we start seeing more hints of #dhpurplepride.... Great prizes up for grabs in our P\xe2\x80\xa6 https://t.co/m2NIeztsbK'",TRUE,"Malicious Malware",154,10,6.49350649350649,0
"Download","https://t.co/IRlzndim5c","b'You can download your programme here https://t.co/Jf6yHjRSfs \n\n#Therapy4Peace  \n\nIf you want a zoom background the\xe2\x80\xa6 https://t.co/IRlzndim5c'",TRUE,"Malicious Malware",157,10,6.36942675159236,0
"Download","https://t.co/vDtyzSl1hj","b'https://t.co/M4R9SVWksA Zoom Unit - Tokyo Banana. From the new album, ZU3, available as free download or limited ed\xe2\x80\xa6 https://t.co/vDtyzSl1hj'",FALSE,.,154,15,9.74025974025974,0
"Download","https://t.co/CnR8D5ivLQ","b'This got way more attention than I thought it would, am mad I used a lower resolution image, so here\xe2\x80\x99s a slightly h\xe2\x80\xa6 https://t.co/CnR8D5ivLQ'",TRUE,"Malicious Malware",165,8,4.84848484848485,0
"Download","https://t.co/sXyBoiLED1","b'You can download a Zoom background for #Therapy4Peace today \n\nUse this link \xf0\x9f\x91\x87\n\nhttps://t.co/6oMBu6dt8h \n\nDetails an\xe2\x80\xa6 https://t.co/sXyBoiLED1'",TRUE,"Malicious Malware",175,13,7.42857142857143,0
"Download","https://t.co/q3R8lNhZbS","b'@mistarfly Reason why they are incomparable, normally I would have said Samsung 21 ultra already kills 13pro max,\xe2\x80\xa6 https://t.co/q3R8lNhZbS'",FALSE,.,152,7,4.60526315789474,0
"Download","https://t.co/lPu1QTAgGh","b""I made a beat using a recordable Yahoo HitClip &amp; a Zoom ST-224 sampler - it's out now for stream, download and in p\xe2\x80\xa6 https://t.co/lPu1QTAgGh""",FALSE,.,158,12,7.59493670886076,0
"Download","https://t.co/uIPhStXAkw","b""I made a beat using a recordable Yahoo HitClip &amp; a Zoom ST-224 sampler - it's out now for stream, download and in p\xe2\x80\xa6 https://t.co/uIPhStXAkw""",FALSE,.,158,12,7.59493670886076,0
"Download","https://t.co/Oh0rcYwzXK","b""I made a beat using a recordable Yahoo HitClip &amp; a Zoom ST-224 sampler - it's out now for stream, download and in p\xe2\x80\xa6 https://t.co/Oh0rcYwzXK""",FALSE,.,158,11,6.9620253164557,0
"Download","https://t.co/bWqYRJOxMX","b'New Stable Beta Recovery update available for Mi 10 Lite Zoom China (vangogh)!\nVersion: V13.0.2.0.SJVCNXM | 12.0\nSi\xe2\x80\xa6 https://t.co/bWqYRJOxMX'",TRUE,"Malicious Malware",156,25,16.025641025641,1
"Download","https://t.co/0MME08HDu8","b'@scoblitz most of mine are star trek, data centers, a few other scifi things.... couple video game ones, a few stud\xe2\x80\xa6 https://t.co/0MME08HDu8'",FALSE,.,154,5,3.24675324675325,0
"Download","https://t.co/RT4DRqwtEX","b""\xf0\x9f\x94\xbbDownload 14days only!\xf0\x9f\x94\xbb\n2022.03.26 Zoom In Saturday\n480p 50MB mp4 6m50s\nhttps://t.co/aztDzTZ4GQ\n\nFor reference, it'\xe2\x80\xa6 https://t.co/RT4DRqwtEX""",TRUE,"Malicious Malware",189,18,9.52380952380952,1
"Download","https://t.co/k8PnVb2x5A","b'451. Sewa ZOOM PREMIUM\n452. Gift stiker / tema / emot LINE\n453. Unlock / unblur / jasa download file CHEGG\n454. Unl\xe2\x80\xa6 https://t.co/k8PnVb2x5A'",FALSE,.,157,27,17.1974522292994,0
"Download","https://t.co/Ig3y7XlJ4j","b""Wow, get a load of that! \n\nIf you download the image, you can zoom way in...incredible how detailed that is. I'm aw\xe2\x80\xa6 https://t.co/Ig3y7XlJ4j""",FALSE,.,156,6,3.84615384615385,1
"Download","https://t.co/PwpaZymUug","b""Wow, get a load of that! \n\nIf you download the image, you can zoom way in...incredible how detailed that is. I'm aw\xe2\x80\xa6 https://t.co/PwpaZymUug""",FALSE,.,156,6,3.84615384615385,1
"Download","https://t.co/6bh0dztYtr","b'THE WAIT IS OVER!\n\nxpression camera is arriving after March 31st! Download available on our website\n\nLink in bio! \xf0\x9f\x98\x89\xe2\x80\xa6 https://t.co/6bh0dztYtr'",FALSE,.,173,17,9.82658959537572,3
"Download","https://t.co/vgBeN33Z3F","b""@julian_zilz @Maxar Afaik Maxar only releases free data for natural disasters\n\n@ESA's Sentinel 2 will give you 10m\xe2\x80\xa6 https://t.co/vgBeN33Z3F""",FALSE,.,155,11,7.09677419354839,0
"Download","https://t.co/k2NXf93Ahc","b'@Mmatlale InShot app. You can screenshot your tweet, then download a cute pic from the internet or use your own ..\xe2\x80\xa6 https://t.co/k2NXf93Ahc'",FALSE,.,153,7,4.57516339869281,0
"Download","https://t.co/mQskRwplwu","b'@WestsidehsTeach I used Calendly and it was easy to use. Plus, it automatically sent parents the Zoom link.\nBut at\xe2\x80\xa6 https://t.co/mQskRwplwu'",FALSE,.,154,9,5.84415584415584,0
"Download","https://t.co/oBxMUNQEXo","b'Rochester Group - Online Guest Speaker https://t.co/KstyfPE7y3\n\nSunday 27th Mar\n\n8:00pm | Rochester Group - Online\xe2\x80\xa6 https://t.co/oBxMUNQEXo'",TRUE,"Potential Threat",157,20,12.7388535031847,0
"Download","https://t.co/HKCOrl8obE","b'4 pm Botswana \xf0\x9f\x87\xa7\xf0\x9f\x87\xbc, Lesotho \xf0\x9f\x87\xb1\xf0\x9f\x87\xb8, Malawi \xf0\x9f\x87\xb2\xf0\x9f\x87\xbc, Mozambique \xf0\x9f\x87\xb2\xf0\x9f\x87\xbf, Namibia \xf0\x9f\x87\xb3\xf0\x9f\x87\xa6, Rwanda \xf0\x9f\x87\xb7\xf0\x9f\x87\xbc, South Africa \xf0\x9f\x87\xbf\xf0\x9f\x87\xa6, Zambia \xf0\x9f\x87\xbf\xf0\x9f\x87\xb2, Zimbabwe\xe2\x80\xa6 https://t.co/HKCOrl8obE'",TRUE,"Malicious Malware",394,15,3.80710659898477,0
"Download","https://t.co/AGxduARIGc","b'@jpmens Then maybe they moved it at some point. Hmm. I was wondering why I found so many many keywords from various\xe2\x80\xa6 https://t.co/AGxduARIGc'",FALSE,.,154,10,6.49350649350649,0
"Download","https://t.co/UjCyzhhZq5","b'Sometimes, viewing the property on the app looks very different than how it looks in person. But our listings will\xe2\x80\xa6 https://t.co/UjCyzhhZq5'",FALSE,.,153,5,3.26797385620915,0
"Download","https://t.co/vKDvA5LY34","b'Join us on 29th March, 4 PM  - for a keynote Presentation by Nikhil Kuhre (CEO,@finarkein ) on\n\nEconomies of Scale:\xe2\x80\xa6 https://t.co/vKDvA5LY34'",FALSE,.,156,17,10.8974358974359,0
"Download","https://t.co/PuN5WEpKpw","b'This year @MACHexhibition 2022 is returning and will be at the NEC Birmingham, taking place on the 04-08 April 2022\xe2\x80\xa6 https://t.co/PuN5WEpKpw'",TRUE,"Malicious Malware",154,15,9.74025974025974,0
"Download","https://t.co/hrZgvMAOhW","b'Next week, @XJTLU Department of Literature is proud to play virtual host to Nicholas Roe, speaking on Keats and the\xe2\x80\xa6 https://t.co/hrZgvMAOhW'",FALSE,.,154,16,10.3896103896104,0
"Download","https://t.co/MsHBDOhbnC","b'Now Playing BIG BUB - ZOOM\nTruVybe Radio  \nhttps://t.co/MsHBDOhbnC\nDownload the  TruVybe Android App and IPhone App today!! #TruVybeRadio'",TRUE,"Malicious Malware",143,32,22.3776223776224,2
"Download","https://t.co/5tnhbOmI7B","b'Now Playing BIG BUB - ZOOM\nTruVybe Radio  \nhttps://t.co/MsHBDOhbnC\nDownload the  TruVybe Android App and IPhone App today!! #TruVybeRadio'",FALSE,.,143,32,22.3776223776224,2
"Download","https://t.co/HRYRUrzD6Z","b'A large pepper grinder grinds pepper, older wooden type, squeaks as it grinds. Recorded on a Zoom H4n. If you downl\xe2\x80\xa6 https://t.co/HRYRUrzD6Z'",FALSE,.,154,12,7.79220779220779,0
"Download","https://t.co/NhQVkwPMF3","b'Need a refreshing virtual background for your Zoom meeting? Check it out below, my virtual background is now up to\xe2\x80\xa6 https://t.co/NhQVkwPMF3'",TRUE,"Malicious Malware",153,9,5.88235294117647,0
"Download","https://t.co/I5CAh1q4iP","b'@marcoarment If I were you, I\xe2\x80\x99d make a non-Internet network with a cheap router and use NDI. iPhone as a camera, OB\xe2\x80\xa6 https://t.co/I5CAh1q4iP'",FALSE,.,165,14,8.48484848484848,0
"Download","https://t.co/gqW7XIhjDO","b'xpression camera is finally HERE!\n\nAfter March 31st, xpression camera will be available for download via our websit\xe2\x80\xa6 https://t.co/gqW7XIhjDO'",FALSE,.,156,11,7.05128205128205,1
"Download","https://t.co/83kuCyE9Dj","b'Available on Bandcamp, Traxsource, Beatport, Juno and all other digital music download sites.\xe2\x80\xa6 https://t.co/83kuCyE9Dj'",TRUE,"Phishing Scam",132,8,6.06060606060606,0
"Download","https://t.co/RK4Yx9Z7M4","b'@rosio_png @StardustDex @RUG_WTF Hit that qNFT button in the bottom right and Download the Hi Rez then zoom in...It\xe2\x80\xa6 https://t.co/RK4Yx9Z7M4'",FALSE,.,154,21,13.6363636363636,0
"Download","https://t.co/CTxVnQO0aK","b""BTW, if you're wondering how to get the zoomed-in view of the wastewater chart, click the Zoom option, then select\xe2\x80\xa6 https://t.co/CTxVnQO0aK""",FALSE,.,153,10,6.5359477124183,0
"Download","https://t.co/xS6k8cA4mO","b'@SamsonCree Zoom Class for those wanting to download the #SamsonCree #App Get your emails ready for registration, r\xe2\x80\xa6 https://t.co/xS6k8cA4mO'",FALSE,.,154,11,7.14285714285714,0
"Download","https://t.co/HLtyJjUDXV","b'FREE VIRTUAL EVENT TONIGHT, 3/24, AT 7 P.M. (w/ Zoom doors opening at 6:30): ""Conglomerate Mesa Mineral Exploration\xe2\x80\xa6 https://t.co/HLtyJjUDXV'",FALSE,.,154,39,25.3246753246753,0
"Download","https://t.co/whGQvDYA91","b'zoom of random ufo video-1453-let the truth be known  \ndownload better copy: https://t.co/KxerPrfcwI\n#UFO\n#UFOs\xe2\x80\xa6 https://t.co/whGQvDYA91'",TRUE,"Malicious Malware",153,14,9.15032679738562,0
"Download","https://t.co/LDumfMlF83","b'7/11\nWhen Xiaoya sent me the first 20GB of core images to log at a cm-scale, I had to rent an Airbnb, with stable i\xe2\x80\xa6 https://t.co/LDumfMlF83'",FALSE,.,155,10,6.45161290322581,0
"Download","https://t.co/ZHmncrK8uR","b""@lottyburns It will take you straight there. She can download the app if she wants but it's not needed. (My whole j\xe2\x80\xa6 https://t.co/ZHmncrK8uR""",FALSE,.,154,7,4.54545454545455,0
"Download","https://t.co/bfsFHUn8FL","b'Now Playing Raekwon - Zoom/ Free #tbt 20 (DatPiff Exclusive)\nTruVybe Radio  \nhttps://t.co/MsHBDOhbnC\nDownload the\xe2\x80\xa6 https://t.co/bfsFHUn8FL'",TRUE,"Malicious Malware",155,23,14.8387096774194,0
"Download","https://t.co/qdczhiOM32","b'Together, Fidelus and Zoom share one mission: Make communications frictionless!\nDownload the Zoom Platform DataShee\xe2\x80\xa6 https://t.co/qdczhiOM32'",TRUE,"Phishing Scam",155,11,7.09677419354839,1
"Download","https://t.co/xv09aE7h2X","b'Great Time today sharing ""Leading With Questions"" Zoom Webinar with Thomas P. Lutz\'s @convenenow  Members in the At\xe2\x80\xa6 https://t.co/xv09aE7h2X'",FALSE,.,155,14,9.03225806451613,0
.,.,.,.,.,.,.,.,.
.,.,.,.,.,.,.,.,.
.,.,.,.,.,.,.,.,.
.,.,.,.,.,.,.,.,.
.,.,.,.,"in",.,.,.,.
